"","data","Export","Import","Refinery","Product_Supplied","Stock","Production","Price"
"1",1992-01-03,976,6157,13455,16707,1610942,7422,19.11
"2",1992-01-10,976,8059,13519,16923,1610172,7410,18.41
"3",1992-01-17,976,7479,13191,16600,1606059,7235,18.81
"4",1992-01-24,1007,6803,12780,17852,1597722,7343,18.66
"5",1992-01-31,1007,7713,12586,17319,1584233,7357,19.05
"6",1992-02-07,1039,5775,12903,17190,1574898,7382,19.42
"7",1992-02-14,1039,7926,12508,16630,1566370,7364,19.49
"8",1992-02-21,1039,5921,12568,16389,1564838,7329,18.62
"9",1992-02-28,1029,8264,12432,15099,1577710,7365,18.51
"10",1992-03-06,1090,6586,12453,16763,1574040,7357,18.55
"11",1992-03-13,1090,7238,12884,16004,1569997,7345,18.76
"12",1992-03-20,1090,6808,13223,16415,1569830,7324,19.1
"13",1992-03-27,1195,7079,13224,17621,1557140,7283,19.09
"14",1992-04-03,1114,6990,13530,16782,1551408,7327,19.73
"15",1992-04-10,1114,8402,13398,17783,1550935,7277,20.43
"16",1992-04-17,1114,7796,13339,16008,1558564,7353,20.06
"17",1992-04-24,1057,7324,13369,17152,1555920,7238,20.06
"18",1992-05-01,1057,7830,13239,17639,1553664,7235,20.63
"19",1992-05-08,986,7685,13184,16020,1555912,7248,20.86
"20",1992-05-15,986,7527,13614,16476,1562110,7160,20.8
"21",1992-05-22,986,8421,13655,16030,1562111,7205,20.49
"22",1992-05-29,986,7355,13963,15455,1572009,7219,21.98
"23",1992-06-05,945,8135,14007,17005,1578715,7240,22.38
"24",1992-06-12,945,7633,14021,15377,1590999,7228,22.35
"25",1992-06-19,945,7837,14078,17251,1585765,7218,22.26
"26",1992-06-26,957,6779,14399,14912,1593324,7194,22.68
"27",1992-07-03,972,7580,14238,17100,1597537,7221,22.03
"28",1992-07-10,972,9540,14316,17503,1603404,7125,21.48
"29",1992-07-17,972,8279,14240,17614,1596923,7144,21.58
"30",1992-07-24,981,7832,14123,16546,1599358,7095,21.95
"31",1992-07-31,981,8432,13984,17100,1608066,7059,21.95
"32",1992-08-07,947,7492,14118,17319,1605588,7124,21.34
"33",1992-08-14,947,9476,14009,17517,1604319,6990,21.18
"34",1992-08-21,947,8085,13969,17100,1611362,7120,21.39
"35",1992-08-28,972,7974,13379,17636,1598146,6678,21.43
"36",1992-09-04,994,7426,13253,16829,1598169,6847,21.66
"37",1992-09-11,994,8479,14029,16525,1606387,6955,21.94
"38",1992-09-18,994,8437,13846,16432,1613113,7012,22.21
"39",1992-09-25,1016,7736,13842,16251,1615268,7049,21.71
"40",1992-10-02,1062,8092,13926,17830,1617311,7046,21.81
"41",1992-10-09,1062,8342,13606,17231,1615542,7011,21.9
"42",1992-10-16,1062,10208,13595,17201,1619711,7032,22.25
"43",1992-10-23,1072,7601,13765,15859,1628300,7036,21.58
"44",1992-10-30,1072,8563,13822,17781,1626365,7041,20.95
"45",1992-11-06,1011,8495,13816,16319,1628251,7011,20.52
"46",1992-11-13,1011,7003,13839,16581,1621250,6954,20.37
"47",1992-11-20,1011,8366,13580,17392,1623320,6987,20.35
"48",1992-11-27,990,7999,13799,16876,1627491,7064,20.16
"49",1992-12-04,1061,8197,13747,17118,1626921,7074,19.38
"50",1992-12-11,1061,8353,13339,17526,1626032,7087,19.01
"51",1992-12-18,1061,8256,13434,18197,1616463,7098,19.38
"52",1992-12-25,1071,7110,13416,18613,1592415,7053,19.91
"53",1993-01-01,1071,7963,13554,17810,1590716,6995,19.63
"54",1993-01-08,1103,8824,13306,15904,1592648,7015,19
"55",1993-01-15,1103,7840,13226,16119,1602955,6994,18.62
"56",1993-01-22,1103,8423,13337,17424,1599467,7043,18.61
"57",1993-01-29,1102,8132,13323,17607,1591733,7035,19.9
"58",1993-02-05,1029,8280,13111,18017,1585368,7031,20.22
"59",1993-02-12,1029,8245,13322,16811,1592436,7033,20.13
"60",1993-02-19,1029,7574,13424,17697,1578576,6960,19.51
"61",1993-02-26,1044,8335,13050,17704,1575579,6981,20.4
"62",1993-03-05,1021,7165,13079,17866,1569891,7018,20.69
"63",1993-03-12,1021,8706,13203,16253,1574860,6981,20.45
"64",1993-03-19,1021,7426,13422,17894,1556003,6979,20.14
"65",1993-03-26,1021,9226,13305,17571,1561172,6964,20
"66",1993-04-02,986,7501,13647,16100,1572581,6971,20.44
"67",1993-04-09,986,8956,13152,16753,1584692,6883,20.37
"68",1993-04-16,986,7976,13654,17201,1575662,6896,20.28
"69",1993-04-23,986,8715,13996,17500,1581562,6912,19.95
"70",1993-04-30,981,9418,14092,17920,1583332,6913,20.3
"71",1993-05-07,962,8048,13910,16545,1577263,6902,20.47
"72",1993-05-14,962,9061,13750,17054,1581635,6846,20.06
"73",1993-05-21,962,7904,13926,16418,1585096,6818,19.43
"74",1993-05-28,962,8683,14164,17417,1602025,6842,19.84
"75",1993-06-04,1004,7667,14217,16676,1615594,6789,19.95
"76",1993-06-11,1004,8657,14236,16674,1613402,6817,19.43
"77",1993-06-18,1004,9440,14313,17393,1626194,6766,18.76
"78",1993-06-25,1002,8342,14313,16699,1639185,6749,18.52
"79",1993-07-02,954,7907,14551,17931,1632728,6742,18.61
"80",1993-07-09,954,8268,14530,16716,1647128,6772,18.02
"81",1993-07-16,850,9559,14457,17689,1653306,6643,17.72
"82",1993-07-23,856,7201,14465,17771,1649228,6540,17.54
"83",1993-07-30,842,8024,14325,16717,1652491,6730,18.18
"84",1993-08-06,845,9073,14417,18595,1653605,6753,17.67
"85",1993-08-13,845,8100,14254,17752,1650532,6761,17.87
"86",1993-08-20,845,7483,14185,18190,1641250,6774,17.84
"87",1993-08-27,816,9635,14213,17330,1647102,6790,18.49
"88",1993-09-03,866,7863,14017,16367,1647382,6734,18.1
"89",1993-09-10,866,8034,14005,17653,1648793,6665,16.96
"90",1993-09-17,885,7871,14051,17292,1649657,6706,16.94
"91",1993-09-24,885,8131,14068,17282,1642389,6650,17.67
"92",1993-10-01,914,8139,14115,17326,1643469,6684,18.33
"93",1993-10-08,858,8135,14066,17069,1649053,6654,18.46
"94",1993-10-15,858,9346,14025,18316,1640296,6772,18.57
"95",1993-10-22,848,8525,13788,17343,1648600,6837,18.12
"96",1993-10-29,848,9346,13888,17207,1655005,6868,17.37
"97",1993-11-05,860,7713,13891,17859,1650817,6872,17.29
"98",1993-11-12,860,9359,13875,17134,1655678,6882,16.71
"99",1993-11-19,860,8553,13916,18031,1648051,6847,16.75
"100",1993-11-26,865,6960,13845,16341,1653740,6878,16.08
"101",1993-12-03,876,9710,14030,16879,1665376,6943,15.21
"102",1993-12-10,876,9202,13951,18435,1666208,6923,14.68
"103",1993-12-17,876,8333,13867,18538,1660385,6897,14.31
"104",1993-12-24,864,7131,13666,16958,1659894,6854,14.4
"105",1993-12-31,864,7985,14070,17178,1653010,6857,14.21
"106",1994-01-07,866,8058,13643,17837,1639481,6875,15.03
"107",1994-01-14,866,7927,13802,17878,1636793,6880,14.67
"108",1994-01-21,866,6910,13637,18020,1622440,6845,15.02
"109",1994-01-28,893,7769,13274,19126,1609566,6886,15.34
"110",1994-02-04,871,8910,13409,17827,1607530,6836,15.76
"111",1994-02-11,871,7993,13603,18288,1596604,6802,14.87
"112",1994-02-18,871,8733,13623,18229,1595623,6546,14.13
"113",1994-02-25,924,7931,13194,17104,1586528,6792,14.44
"114",1994-03-04,872,7851,12954,17384,1586780,6763,14.68
"115",1994-03-11,872,8110,13226,16848,1583997,6704,14.24
"116",1994-03-18,872,9690,13147,17245,1594289,6728,14.82
"117",1994-03-25,872,7455,12999,16880,1584901,6599,15.15
"118",1994-04-01,848,8638,13197,19815,1562798,6683,14.44
"119",1994-04-08,871,8769,13381,17495,1560390,6641,15.65
"120",1994-04-15,871,8305,13917,16689,1568417,6711,16.07
"121",1994-04-22,871,9717,14428,17145,1575103,6292,17.02
"122",1994-04-29,880,8488,14405,17937,1570953,6748,16.93
"123",1994-05-06,886,9665,14536,16811,1574938,6706,17.2
"124",1994-05-13,886,9044,14630,16683,1583207,6657,17.93
"125",1994-05-20,886,8479,14260,18131,1582347,6732,18.21
"126",1994-05-27,914,8760,14491,18426,1580432,6629,18.14
"127",1994-06-03,886,8726,14409,15824,1588321,6695,18.24
"128",1994-06-10,886,9218,14615,18080,1588547,6530,18.26
"129",1994-06-17,886,10286,14388,17153,1590017,6648,19.61
"130",1994-06-24,886,9689,14619,18109,1593499,6656,19.8
"131",1994-07-01,875,8561,14605,16950,1600541,6604,19.16
"132",1994-07-08,854,9763,14396,17221,1606800,6591,19.39
"133",1994-07-15,854,9931,14576,17142,1614273,6618,20.16
"134",1994-07-22,854,9605,14428,18143,1620968,6522,19.39
"135",1994-07-29,863,9773,14367,16795,1621946,6566,19.66
"136",1994-08-05,895,8411,14508,17899,1622091,6582,20.09
"137",1994-08-12,895,9903,14642,17994,1625651,6521,18.88
"138",1994-08-19,895,10027,14573,18085,1628271,6540,17.85
"139",1994-08-26,896,8670,14637,17052,1633893,6583,17.23
"140",1994-09-02,905,10585,14547,18275,1634976,6552,17.52
"141",1994-09-09,905,8851,14688,17047,1643300,6545,17.65
"142",1994-09-16,905,9840,14313,17095,1648061,6526,16.93
"143",1994-09-23,905,8284,14259,17853,1652041,6595,17.38
"144",1994-09-30,913,9786,14232,17090,1660660,6640,17.83
"145",1994-10-07,895,8737,13982,17014,1662047,6692,18.13
"146",1994-10-14,895,8671,13708,18477,1657953,6703,17.37
"147",1994-10-21,895,8270,13592,17315,1652110,6703,17.35
"148",1994-10-28,927,8272,13164,17715,1651809,6633,17.93
"149",1994-11-04,910,8206,13686,17423,1648562,6620,18.69
"150",1994-11-11,910,9459,13655,17419,1647420,6616,18.25
"151",1994-11-18,910,9307,14075,17680,1645486,6668,17.51
"152",1994-11-25,910,8720,14449,17381,1646095,6626,17.73
"153",1994-12-02,923,7665,14447,16226,1656471,6472,17.78
"154",1994-12-09,923,9015,13962,19222,1644727,6670,16.99
"155",1994-12-16,923,8318,14127,17096,1644047,6655,16.86
"156",1994-12-23,923,8219,14105,19491,1631461,6703,17.1
"157",1994-12-30,938,8713,14283,17859,1621221,6675,17.71
"158",1995-01-06,924,8559,14505,17692,1623079,6651,17.62
"159",1995-01-13,924,8096,14102,17340,1622959,6672,17.55
"160",1995-01-20,924,7860,13751,17121,1614441,6571,18.45
"161",1995-01-27,961,7722,13513,17105,1610443,6526,18.34
"162",1995-02-03,907,6841,13612,16966,1610391,6662,18.5
"163",1995-02-10,907,9579,13590,17766,1599517,6595,18.42
"164",1995-02-17,907,8054,13730,18514,1597480,6613,18.55
"165",1995-02-24,907,7703,13570,18222,1585709,6546,18.75
"166",1995-03-03,995,7443,13840,16863,1589641,6660,18.5
"167",1995-03-10,995,9716,13876,17861,1586458,6598,18.27
"168",1995-03-17,995,8161,13600,17059,1585261,6632,18.13
"169",1995-03-24,995,7509,13576,16781,1589398,6474,18.69
"170",1995-03-31,985,9322,13604,17665,1589957,6380,19.12
"171",1995-04-07,958,8226,13711,17563,1583305,6554,19.43
"172",1995-04-14,958,7142,13785,17114,1580887,6597,19.53
"173",1995-04-21,958,9790,14407,17499,1586339,6603,20.26
"174",1995-04-28,1004,9335,14323,17561,1580836,6539,20.29
"175",1995-05-05,967,6796,14095,16665,1581384,6604,20.24
"176",1995-05-12,967,9152,14167,16984,1585567,6610,19.74
"177",1995-05-19,967,9249,14496,17673,1583993,6598,19.98
"178",1995-05-26,932,8556,14790,16365,1594840,6626,19.37
"179",1995-06-02,932,8931,14802,17521,1597218,6592,18.92
"180",1995-06-09,932,8250,14826,17662,1598774,6593,19.05
"181",1995-06-16,932,10976,14801,17922,1601248,6560,18.91
"182",1995-06-23,932,8129,14892,18346,1593837,6529,17.88
"183",1995-06-30,927,9476,14620,18202,1597022,6545,17.71
"184",1995-07-07,898,7739,14495,16901,1601746,6518,17.28
"185",1995-07-14,898,9728,14605,17547,1607835,6448,17.34
"186",1995-07-21,898,8301,14425,17774,1602170,6417,17.21
"187",1995-07-28,900,9351,14468,19506,1597019,6484,17.41
"188",1995-08-04,831,9068,14455,17827,1591865,6444,17.72
"189",1995-08-11,831,9654,14373,17384,1595477,6476,17.81
"190",1995-08-18,831,9452,14364,18232,1586105,6475,17.6
"191",1995-08-25,831,8809,14352,17961,1587363,6483,19.02
"192",1995-09-01,784,8556,14618,17603,1601967,6507,17.88
"193",1995-09-08,843,10135,14741,18087,1598302,6491,18.37
"194",1995-09-15,843,9448,14765,17584,1599562,6248,18.72
"195",1995-09-22,843,8586,14481,17547,1600458,6414,18.32
"196",1995-09-29,877,9221,14567,16378,1607293,6450,17.55
"197",1995-10-06,828,7433,14215,17951,1599263,6215,17.29
"198",1995-10-13,828,9249,13607,17704,1596731,6404,17.28
"199",1995-10-20,828,9081,13840,17962,1593917,6497,17.51
"200",1995-10-27,723,8249,13823,18169,1587992,6512,17.56
"201",1995-11-03,835,7768,13762,17461,1587397,6539,17.79
"202",1995-11-10,835,9401,13595,18344,1577671,6516,17.76
"203",1995-11-17,835,10074,13936,18258,1584428,6493,18.06
"204",1995-11-24,835,9126,14097,17321,1592057,6484,17.99
"205",1995-12-01,849,8403,14422,17841,1586675,6450,18.32
"206",1995-12-08,850,9940,14501,18978,1577474,6428,18.74
"207",1995-12-15,850,8539,14215,18355,1578384,6411,19.02
"208",1995-12-22,850,7844,14109,19138,1561763,6467,19.12
"209",1995-12-29,850,8431,14284,17302,1553616,6474,19.44
"210",1996-01-05,934,8233,14252,18459,1546823,6464,19.99
"211",1996-01-12,954,9456,13949,18285,1545456,6498,19.43
"212",1996-01-19,954,9217,13996,17898,1549049,6516,18.64
"213",1996-01-26,954,8861,13848,18294,1542459,6405,18.35
"214",1996-02-02,954,8888,13832,18152,1535624,6413,17.64
"215",1996-02-09,925,8350,13790,19548,1519289,6505,17.72
"216",1996-02-16,925,9069,13746,18863,1504198,6511,18.8
"217",1996-02-23,925,7065,13614,17871,1498135,6501,21.45
"218",1996-03-01,925,8208,13811,17957,1492697,6496,19.49
"219",1996-03-08,925,8424,13785,17610,1496672,6461,19.72
"220",1996-03-15,925,8705,13789,18193,1485545,6490,20.8
"221",1996-03-22,925,8612,13850,18561,1477839,6473,23.16
"222",1996-03-29,925,9445,14185,17705,1475720,6440,22.03
"223",1996-04-05,977,9141,14146,17941,1473690,6441,22.49
"224",1996-04-12,977,9691,14336,17391,1479925,6390,23.95
"225",1996-04-19,977,8869,14262,16895,1481639,6425,24.34
"226",1996-04-26,977,9568,14346,16874,1488075,6173,23.8
"227",1996-05-03,943,8776,14435,17305,1498314,6454,21.16
"228",1996-05-10,943,10824,14218,17910,1499439,6065,20.98
"229",1996-05-17,943,9171,14220,16887,1500134,6363,21.06
"230",1996-05-24,916,8779,14606,18920,1498392,6412,22.24
"231",1996-05-31,916,9805,14665,17646,1514546,6392,20.37
"232",1996-06-07,1132,9343,14679,17600,1519055,6421,20.04
"233",1996-06-14,946,10202,14586,17339,1521342,6515,20.15
"234",1996-06-21,946,9648,14685,18556,1521669,6452,20.95
"235",1996-06-28,926,9968,14644,18955,1523752,6489,20.55
"236",1996-07-05,919,9313,14422,17354,1529603,6499,21.4
"237",1996-07-12,919,9380,14556,17687,1530920,6499,21.65
"238",1996-07-19,919,9411,14506,17901,1527656,6345,21.8
"239",1996-07-26,924,9289,14365,18953,1521533,6394,20.96
"240",1996-08-02,1084,10306,14479,18770,1518036,6297,20.66
"241",1996-08-09,898,9349,14623,17787,1516420,6286,21.35
"242",1996-08-16,895,10415,14434,17541,1519737,6445,22.25
"243",1996-08-23,895,9933,14524,18458,1529109,6481,22.5
"244",1996-08-30,875,9275,14472,17974,1525899,6526,21.82
"245",1996-09-06,996,9262,14596,18052,1523262,6497,23.48
"246",1996-09-13,882,8960,14577,17555,1521135,6498,24.42
"247",1996-09-20,882,9280,14678,17999,1524639,6467,23.52
"248",1996-09-27,993,8191,14700,17938,1522387,6520,24.33
"249",1996-10-04,917,9960,14715,18664,1520984,6485,24.44
"250",1996-10-11,913,9284,14267,18129,1514350,6485,24.93
"251",1996-10-18,913,10564,14300,18974,1514142,6523,25.45
"252",1996-10-25,1212,10292,14438,18373,1510425,6514,25.15
"253",1996-11-01,937,9112,14531,18687,1521946,6513,23.91
"254",1996-11-08,1057,10221,13965,18540,1510555,6541,22.92
"255",1996-11-15,1129,8635,14249,18490,1503672,6531,23.9
"256",1996-11-22,1057,8652,14483,18100,1496896,6512,24.03
"257",1996-11-29,943,7798,14462,17558,1500293,6538,24.21
"258",1996-12-06,1016,10349,14537,17683,1503037,6534,25.14
"259",1996-12-13,1204,9710,14392,19464,1490900,6518,24.2
"260",1996-12-20,1132,8536,14393,18972,1474967,6523,26.02
"261",1996-12-27,1018,9762,14376,18421,1476191,6506,25.44
"262",1997-01-03,983,7944,14230,16375,1479664,6454,25.59
"263",1997-01-10,1169,9567,13980,18085,1483643,6499,26.3
"264",1997-01-17,1097,9316,13824,18614,1474797,6476,25.42
"265",1997-01-24,1283,10510,13684,18258,1475821,6513,24.4
"266",1997-01-31,979,8665,13941,18335,1474939,6505,24.24
"267",1997-02-07,1083,10278,13454,18000,1473968,6483,23.49
"268",1997-02-14,947,9121,13361,18207,1474561,6502,22.21
"269",1997-02-21,943,8911,13561,17900,1468999,6496,22.18
"270",1997-02-28,928,9585,13650,16973,1470295,6501,20.83
"271",1997-03-07,984,9816,13805,17422,1478943,6440,20.77
"272",1997-03-14,984,9717,13905,18197,1476819,6449,20.64
"273",1997-03-21,983,9136,14266,18350,1475308,6391,21.72
"274",1997-03-28,992,9467,14338,18360,1478080,6409,20.83
"275",1997-04-04,952,10227,14422,18385,1479486,6493,19.76
"276",1997-04-11,952,10054,14363,17720,1488045,6433,19.38
"277",1997-04-18,952,10461,14394,18383,1489564,6412,19.65
"278",1997-04-25,951,9853,14214,17646,1496115,6465,19.85
"279",1997-05-02,946,9927,14533,20017,1484331,6409,19.99
"280",1997-05-09,946,9711,14974,18304,1495891,6430,19.94
"281",1997-05-16,946,9697,15053,18468,1496562,6426,21.45
"282",1997-05-23,946,10444,15211,18719,1505941,6423,21.43
"283",1997-05-30,940,10258,15478,17149,1527607,6439,20.9
"284",1997-06-06,881,10811,15419,18366,1535296,6435,20.12
"285",1997-06-13,881,11451,15263,18623,1538959,6415,18.88
"286",1997-06-20,881,9134,15276,19154,1540440,6334,18.93
"287",1997-06-27,881,9822,15214,18920,1536395,6357,19
"288",1997-07-04,881,10952,15005,19309,1542754,6338,19.95
"289",1997-07-11,881,9013,15282,18456,1542628,6351,19.44
"290",1997-07-18,881,10493,15125,19552,1539936,6352,19.49
"291",1997-07-25,881,10006,14996,19141,1528298,6337,19.52
"292",1997-08-01,890,9672,15195,18108,1536569,6360,20.13
"293",1997-08-08,884,10132,15005,18472,1541004,6127,20.35
"294",1997-08-15,884,10686,15258,19298,1541031,6221,19.99
"295",1997-08-22,884,10205,15511,18507,1542391,6387,19.92
"296",1997-08-29,884,9745,15593,19159,1542399,6400,19.5
"297",1997-09-05,986,9189,15551,17595,1547190,6362,19.61
"298",1997-09-12,986,11035,15478,18546,1556571,6393,19.44
"299",1997-09-19,986,10322,15395,18274,1559818,6366,19.44
"300",1997-09-26,969,10782,15334,19489,1562142,6396,20.12
"301",1997-10-03,967,11416,15269,19201,1567283,6375,21.62
"302",1997-10-10,967,9989,15384,18956,1567787,6371,22.01
"303",1997-10-17,967,9704,14996,18480,1566809,6408,21.03
"304",1997-10-24,967,9277,14756,18848,1569570,6407,21
"305",1997-10-31,975,9937,14835,19074,1574436,6400,20.92
"306",1997-11-07,964,9051,14580,19124,1567038,6418,20.65
"307",1997-11-14,964,10927,14424,18611,1567823,6385,20.66
"308",1997-11-21,964,9170,14931,19266,1566653,6390,19.81
"309",1997-11-28,964,9815,15045,18485,1570107,6416,19.3
"310",1997-12-05,980,10024,14940,19260,1564187,6448,18.69
"311",1997-12-12,980,8430,15059,18889,1563780,6440,18.44
"312",1997-12-19,980,9916,15017,19807,1553248,6463,18.31
"313",1997-12-26,980,8705,15155,19288,1547793,6462,18.31
"314",1998-01-02,980,8749,15159,17809,1547647,6459,17.58
"315",1998-01-09,904,10210,14995,17977,1550480,6430,16.83
"316",1998-01-16,904,10666,14678,18876,1558846,6376,16.47
"317",1998-01-23,904,9860,14550,19251,1557896,6359,16.02
"318",1998-01-30,904,9407,14383,18553,1555988,6377,17.3
"319",1998-02-06,952,9964,14464,17891,1557838,6412,16.65
"320",1998-02-13,952,9884,14093,18977,1550579,6424,16.25
"321",1998-02-20,952,8567,14004,18429,1549955,6415,16.03
"322",1998-02-27,952,8506,13971,17357,1547897,6368,15.3
"323",1998-03-06,952,9703,14554,19252,1542373,6440,15.23
"324",1998-03-13,952,9670,14663,19225,1536591,6420,14.4
"325",1998-03-20,952,9768,14715,17872,1546027,6336,14.04
"326",1998-03-27,952,10893,14803,18287,1549270,6405,16.42
"327",1998-04-03,955,10238,14854,19372,1548101,6443,15.98
"328",1998-04-10,956,10093,15019,18264,1557445,6407,15.55
"329",1998-04-17,956,12217,15468,19102,1566475,6417,15.53
"330",1998-04-24,956,9642,15046,18377,1569968,6397,14.5
"331",1998-05-01,940,10046,15437,17915,1582187,6422,15.71
"332",1998-05-08,937,10641,14985,17793,1591664,6422,15.48
"333",1998-05-15,937,10537,15126,19609,1601134,6378,15.03
"334",1998-05-22,937,9645,15421,17946,1607411,6368,13.91
"335",1998-05-29,937,10670,15627,17939,1616305,6346,14.99
"336",1998-06-05,936,12066,15261,19790,1614787,6333,15.02
"337",1998-06-12,936,10746,15450,18903,1616715,6372,13.42
"338",1998-06-19,936,10012,15482,18696,1620766,6383,12.04
"339",1998-06-26,936,12063,15433,19313,1624853,6269,14.17
"340",1998-07-03,963,9508,15294,19592,1619936,6311,14.41
"341",1998-07-10,963,10781,15727,18272,1621792,6354,13.94
"342",1998-07-17,960,11111,15654,19305,1630825,6351,14.48
"343",1998-07-24,960,10844,15667,18487,1641457,6354,13.89
"344",1998-07-31,955,11094,15514,18598,1647951,6340,14.24
"345",1998-08-07,966,10690,15449,19243,1646759,6336,13.83
"346",1998-08-14,965,12191,15598,19356,1650911,6319,13.12
"347",1998-08-21,965,10664,15736,19532,1644305,6315,13.33
"348",1998-08-28,966,11234,15833,19917,1643193,6346,13.65
"349",1998-09-04,982,10054,15566,18801,1637938,6349,13.98
"350",1998-09-11,982,10455,15645,18909,1640277,6366,14.45
"351",1998-09-18,982,9405,15194,18467,1636036,6411,14.88
"352",1998-09-25,982,10900,15000,18653,1640475,6396,15.78
"353",1998-10-02,1010,10169,14008,18539,1637598,5950,15.83
"354",1998-10-09,1010,10704,13761,19555,1630608,6368,15.02
"355",1998-10-16,1010,9944,13662,17961,1628953,6418,14.21
"356",1998-10-23,1010,9982,13919,17954,1629835,6442,13.81
"357",1998-10-30,1010,10363,14730,19196,1630062,6417,14.34
"358",1998-11-06,985,10455,15016,17950,1633228,6398,14.13
"359",1998-11-13,985,9818,15180,19601,1628356,6401,13.63
"360",1998-11-20,985,11034,14911,18827,1630592,6399,12.4
"361",1998-11-27,985,9668,14750,18703,1623398,6401,11.62
"362",1998-12-04,1022,10889,14795,17206,1630466,6390,11.28
"363",1998-12-11,1022,11051,14859,18422,1636019,6390,11.16
"364",1998-12-18,1022,10939,14826,19974,1634305,6449,11.5
"365",1998-12-25,1022,10699,15319,19450,1627933,6437,11
"366",1999-01-01,1022,9434,15539,19550,1611433,6342,11.83
"367",1999-01-08,987,9825,15329,18181,1617765,6393,12.67
"368",1999-01-15,987,10763,14973,19284,1617342,6373,12.62
"369",1999-01-22,987,10287,14300,19266,1614890,6352,12.26
"370",1999-01-29,987,10189,14369,18268,1615260,6363,12.46
"371",1999-02-05,929,10388,14464,18492,1615584,6369,12.16
"372",1999-02-12,929,10479,14782,19402,1611837,6052,11.81
"373",1999-02-19,929,10449,14632,18379,1614631,5899,11.66
"374",1999-02-26,929,10901,14575,19730,1603182,5911,12.36
"375",1999-03-05,953,10652,14528,19172,1601522,5920,12.9
"376",1999-03-12,953,10680,14480,19049,1597224,5895,14.19
"377",1999-03-19,953,9367,14373,18730,1593114,5894,14.91
"378",1999-03-26,953,10900,14520,19191,1589714,5864,15.55
"379",1999-04-02,953,10450,14834,18149,1592685,5879,16.61
"380",1999-04-09,986,10560,15327,17225,1608566,5740,16.45
"381",1999-04-16,986,10787,15313,19521,1602426,5849,16.77
"382",1999-04-23,986,10593,15213,18792,1602961,5707,17.93
"383",1999-04-30,986,10131,15431,18025,1609409,5877,18.23
"384",1999-05-07,986,10744,15178,18527,1612237,5835,18.62
"385",1999-05-14,954,10921,15111,17424,1624540,5804,18
"386",1999-05-21,954,10591,15196,18721,1625239,5857,17.18
"387",1999-05-28,954,11414,15184,18889,1628371,5845,17.07
"388",1999-06-04,959,9927,15374,19246,1628340,5864,16.77
"389",1999-06-11,959,10412,15248,19103,1630749,5868,17.96
"390",1999-06-18,959,11280,15016,19484,1626872,5926,18.21
"391",1999-06-25,959,10341,15068,19539,1625483,5884,18.05
"392",1999-07-02,965,11219,15027,19416,1623016,5662,19.04
"393",1999-07-09,965,10075,15261,17972,1631652,5808,19.87
"394",1999-07-16,965,10919,15437,19338,1634155,5952,20.21
"395",1999-07-23,965,11547,15579,19670,1628320,5927,19.89
"396",1999-07-30,965,11364,15504,19483,1626462,5898,20.62
"397",1999-08-06,984,10396,15771,19870,1622505,5925,20.54
"398",1999-08-13,984,10432,15518,19701,1620451,5950,21.44
"399",1999-08-20,984,10838,15540,19443,1616254,5970,21.62
"400",1999-08-27,984,11219,15236,19603,1616337,5994,21.21
"401",1999-09-03,984,10162,15705,19853,1610545,6014,21.88
"402",1999-09-10,965,10000,15344,19344,1605859,5917,23
"403",1999-09-17,965,10819,15273,19267,1606771,5692,24.28
"404",1999-09-24,965,10514,15230,19037,1605490,5973,24.53
"405",1999-10-01,965,10860,15290,19646,1605031,6032,24.58
"406",1999-10-08,940,9925,15057,19488,1597589,6082,22.72
"407",1999-10-15,940,11081,14655,19980,1595697,6090,22.54
"408",1999-10-22,940,10008,14472,19783,1587576,6101,22.65
"409",1999-10-29,940,10742,14765,19803,1585402,6111,22.5
"410",1999-11-05,940,9913,14775,19974,1573436,6134,22.72
"411",1999-11-12,926,10297,14782,20383,1565420,6128,24.22
"412",1999-11-19,926,9777,14902,19799,1553208,6059,26.05
"413",1999-11-26,926,9412,14851,19115,1548077,6006,27.35
"414",1999-12-03,970,10303,14946,19552,1541408,6087,25.46
"415",1999-12-10,970,9196,14677,19723,1526836,6057,26.19
"416",1999-12-17,970,9696,14718,19124,1521879,6043,26.2
"417",1999-12-24,970,10081,14495,20288,1508481,6058,26.07
"418",1999-12-31,970,10030,14524,20293,1495432,6043,26.34
"419",2000-01-07,962,10306,14040,19363,1488583,6000,24.95
"420",2000-01-14,962,9229,13915,18222,1486494,6019,26.27
"421",2000-01-21,962,10558,13978,19116,1478838,6013,29.37
"422",2000-01-28,962,9457,14266,19899,1465376,5988,28.34
"423",2000-02-04,962,10279,13811,19123,1460659,6011,28.08
"424",2000-02-11,953,10242,13920,19206,1453846,5994,28.83
"425",2000-02-18,953,10711,14080,19438,1448711,5989,29.87
"426",2000-02-25,953,10220,14161,19169,1447866,6007,30.1
"427",2000-03-03,953,10664,14187,17933,1455792,5974,31.07
"428",2000-03-10,1003,10160,14534,19995,1449330,5857,32.14
"429",2000-03-17,1003,10755,14478,19022,1450142,5859,31.29
"430",2000-03-24,1003,10150,14863,19284,1449226,5863,27.99
"431",2000-03-31,1003,11113,15029,18862,1452797,5873,26.92
"432",2000-04-07,982,10799,15060,18556,1458485,5820,25.6
"433",2000-04-14,982,11006,15062,19672,1461306,5840,24.87
"434",2000-04-21,982,11515,15094,18735,1469464,5836,26.66
"435",2000-04-28,982,11117,15369,18842,1475455,5838,25.95
"436",2000-05-05,969,11330,15247,19378,1481619,5798,26.75
"437",2000-05-12,969,10517,15485,18932,1486201,5757,28.7
"438",2000-05-19,969,11933,15646,19990,1491647,5793,29.88
"439",2000-05-26,969,10717,15736,19458,1492433,5784,29.46
"440",2000-06-02,995,11048,15778,18817,1500118,5704,29.98
"441",2000-06-09,995,10892,15682,19345,1503981,5804,29.79
"442",2000-06-16,995,11283,15856,19965,1499476,5791,32.45
"443",2000-06-23,995,11777,15842,19740,1504672,5726,33.55
"444",2000-06-30,1005,10876,15759,19746,1505255,5732,32.12
"445",2000-07-07,1001,11599,15842,19135,1512449,5766,30.4
"446",2000-07-14,1001,11068,15868,20022,1512278,5788,30.44
"447",2000-07-21,1001,11766,15850,19268,1518438,5769,30.65
"448",2000-07-28,1001,10883,15877,20143,1509933,5764,28.02
"449",2000-08-04,1003,11679,15814,20341,1512640,5778,28.5
"450",2000-08-11,1003,11582,15757,20464,1513535,5745,30.14
"451",2000-08-18,1003,11239,15787,19394,1514500,5773,31.82
"452",2000-08-25,1003,11043,15669,20226,1513820,5782,32.46
"453",2000-09-01,1003,11583,15839,19776,1518874,5783,33.08
"454",2000-09-08,1008,11531,15826,20320,1517360,5802,34.42
"455",2000-09-15,1008,10823,15381,20133,1510299,5803,34.7
"456",2000-09-22,1008,11795,15722,20318,1510336,5680,35.49
"457",2000-09-29,1008,11166,15623,19558,1514777,5862,31.13
"458",2000-10-06,1004,11194,15238,18974,1519530,5867,31.27
"459",2000-10-13,1004,10959,14985,20289,1508537,5864,33.9
"460",2000-10-20,1004,12098,15242,20436,1507820,5880,33.48
"461",2000-10-27,1004,11218,15416,20217,1499492,5894,33.92
"462",2000-11-03,978,11907,15396,20499,1494974,5903,32.78
"463",2000-11-10,978,10975,15353,19871,1496644,5889,33.46
"464",2000-11-17,978,10592,15248,20063,1492678,5854,35
"465",2000-11-24,978,9998,14902,19243,1486540,5883,35.91
"466",2000-12-01,987,10980,15187,19111,1490938,5925,34.1
"467",2000-12-08,989,10912,15427,20631,1475782,5903,29.69
"468",2000-12-15,989,12405,15445,20611,1474945,5897,29.05
"469",2000-12-22,989,10280,15397,20080,1466328,5875,27.38
"470",2000-12-29,989,11442,15465,21494,1455285,5903,26.52
"471",2001-01-05,1018,12962,15208,21098,1451739,5944,27.8
"472",2001-01-12,1018,11345,15259,20817,1447486,5949,28.81
"473",2001-01-19,1018,10365,14983,19414,1449523,5912,30.63
"474",2001-01-26,1018,11859,15031,20248,1447034,5935,31.35
"475",2001-02-02,1000,12277,14879,20342,1449312,5929,29.59
"476",2001-02-09,1000,11558,14831,20001,1449080,5866,30.92
"477",2001-02-16,1000,10204,14795,19025,1441474,5857,29.67
"478",2001-02-23,1000,11808,15088,20161,1444333,5875,28.65
"479",2001-03-02,1000,11754,15202,20768,1439975,5876,27.91
"480",2001-03-09,1004,12854,14922,19803,1444957,5868,28.45
"481",2001-03-16,1004,11253,15104,19814,1443303,5883,27.02
"482",2001-03-23,1004,12145,14793,19288,1451420,5868,26.42
"483",2001-03-30,1005,11370,14793,19067,1449383,5883,26.86
"484",2001-04-06,994,11479,15004,18541,1453240,5867,26.76
"485",2001-04-13,994,11907,15545,19025,1460708,5855,28.27
"486",2001-04-20,994,11580,15959,18880,1466044,5861,27.89
"487",2001-04-27,993,12908,15967,18820,1484672,5884,26.99
"488",2001-05-04,978,12316,15897,20180,1488429,5831,28.36
"489",2001-05-11,978,11204,15542,18694,1496833,5780,28.12
"490",2001-05-18,977,12676,15829,19906,1502849,5785,29.08
"491",2001-05-25,977,11326,15849,18786,1511716,5819,28.92
"492",2001-06-01,976,11831,16250,18451,1526704,5823,28.44
"493",2001-06-08,977,10764,16176,19138,1527448,5746,27.98
"494",2001-06-15,977,10998,15574,18310,1539338,5726,28.9
"495",2001-06-22,977,11419,15499,19651,1542174,5740,27.09
"496",2001-06-29,977,11825,15930,20059,1539345,5756,26.37
"497",2001-07-06,974,10857,15980,19060,1540774,5756,26.87
"498",2001-07-13,974,12094,15700,19857,1548009,5770,27.07
"499",2001-07-20,974,11993,15400,19948,1548692,5731,25.26
"500",2001-07-27,974,11285,15473,20175,1545694,5705,26.5
"501",2001-08-03,1042,11134,15493,19187,1544703,5745,27.1
"502",2001-08-10,1042,10278,15539,19943,1538226,5773,27.87
"503",2001-08-17,1042,10972,15291,20294,1531390,5785,27.52
"504",2001-08-24,1042,11468,15254,20079,1530148,5796,27.25
"505",2001-08-31,1041,10502,15549,19955,1528057,5751,26.84
"506",2001-09-07,1034,11261,15897,19522,1533856,5829,27.38
"507",2001-09-14,1034,10579,15137,19069,1534940,5814,28.22
"508",2001-09-21,1034,11053,14868,17889,1548864,5789,27.09
"509",2001-09-28,1034,11862,15124,19549,1554718,5735,22.35
"510",2001-10-05,1039,11744,15272,19431,1555447,5736,22.6
"511",2001-10-12,1039,11117,15171,19607,1552721,5515,22.66
"512",2001-10-19,1039,11495,15346,19889,1554313,5828,21.92
"513",2001-10-26,1039,11452,15407,20172,1553159,5879,21.78
"514",2001-11-02,977,11701,15185,20490,1552371,5859,21.17
"515",2001-11-09,977,11749,14744,19126,1551760,5863,20.7
"516",2001-11-16,977,11220,14953,19622,1549631,5872,19.61
"517",2001-11-23,977,10553,15118,19041,1551512,5882,18.28
"518",2001-11-30,934,12104,15206,19224,1560190,5873,19.13
"519",2001-12-07,930,10815,14848,19411,1555809,5856,19.47
"520",2001-12-14,930,11119,14869,20468,1551458,5884,18.45
"521",2001-12-21,930,10756,14653,20516,1545131,5911,19.2
"522",2001-12-28,930,10290,15031,19609,1541966,5902,20.94
"523",2002-01-04,895,10995,14961,18954,1549019,5922,20.8
"524",2002-01-11,895,10545,15016,19630,1549845,5922,20.54
"525",2002-01-18,895,11031,14632,19007,1553004,5911,18.61
"526",2002-01-25,895,10828,14155,18899,1555400,5909,19.21
"527",2002-02-01,952,10799,14266,19242,1554738,5916,19.71
"528",2002-02-08,929,11205,14411,18943,1557485,5952,19.97
"529",2002-02-15,929,10533,14443,19782,1551166,5927,21.18
"530",2002-02-22,929,10043,14622,19336,1547217,5956,20.7
"531",2002-03-01,929,10433,14256,19855,1544356,5966,21.43
"532",2002-03-08,929,10178,14136,18459,1543249,5947,23.31
"533",2002-03-15,929,10398,14369,18856,1543446,5975,24.4
"534",2002-03-22,929,10061,14635,19573,1534277,5948,25.25
"535",2002-03-29,929,11529,14747,19220,1540762,5956,25.86
"536",2002-04-05,971,11493,15084,19517,1543675,5916,26.99
"537",2002-04-12,971,10500,15289,19727,1538942,5922,25.24
"538",2002-04-19,971,11438,15247,19153,1545733,5896,25.54
"539",2002-04-26,971,11739,15334,19472,1553361,5865,26.46
"540",2002-05-03,963,11868,15643,19368,1556812,5879,26.88
"541",2002-05-10,963,11010,15532,19236,1558369,5889,27.27
"542",2002-05-17,963,12141,15233,19875,1567094,5894,28.43
"543",2002-05-24,963,11438,15407,19353,1571761,5890,27.18
"544",2002-05-31,952,11055,15568,19587,1578974,5896,25.22
"545",2002-06-07,964,10868,15609,19338,1582023,5897,25.01
"546",2002-06-14,964,11198,15639,18953,1587609,5910,24.94
"547",2002-06-21,964,11800,15526,20108,1587561,5939,25.61
"548",2002-06-28,964,12022,15719,20191,1590382,5917,26.52
"549",2002-07-05,964,10159,15802,19433,1588056,5898,26.81
"550",2002-07-12,989,11312,15574,19013,1593567,5885,26.7
"551",2002-07-19,989,11316,15598,19620,1591871,5839,27.62
"552",2002-07-26,989,11340,15745,20066,1590325,5844,26.64
"553",2002-08-02,984,11093,15412,20290,1587267,5604,26.87
"554",2002-08-09,984,11116,15459,20357,1575294,5858,26.77
"555",2002-08-16,984,11512,15583,20181,1577109,5907,28.52
"556",2002-08-23,984,11714,15427,20328,1577004,5918,30.09
"557",2002-08-30,937,11349,15488,20015,1571585,5883,28.84
"558",2002-09-06,931,10911,15600,19209,1575971,5773,28.65
"559",2002-09-13,931,10664,15322,19512,1571710,5716,29.59
"560",2002-09-20,931,10967,15366,19360,1570615,5736,29.39
"561",2002-09-27,931,10722,15100,19224,1563412,5190,30.63
"562",2002-10-04,958,10870,13919,19711,1552148,4803,30.25
"563",2002-10-11,958,11315,13379,18804,1551322,5490,29.37
"564",2002-10-18,958,11909,14500,19043,1554023,5721,29.65
"565",2002-10-25,938,11442,14873,19990,1551234,5714,27.88
"566",2002-11-01,987,11840,15039,19796,1556305,5711,27.03
"567",2002-11-08,969,11465,14971,19214,1552901,5349,25.97
"568",2002-11-15,969,11988,15150,19611,1556053,5738,25.68
"569",2002-11-22,969,11831,15288,20498,1553298,5754,26.98
"570",2002-11-29,969,12176,15469,20681,1555425,5740,26.83
"571",2002-12-06,1023,12288,15409,19508,1562506,5763,27.14
"572",2002-12-13,1023,11822,14973,19950,1558443,5752,27.82
"573",2002-12-20,1023,11554,14773,20211,1553535,5758,30.35
"574",2002-12-27,1023,9847,15096,20434,1537685,5749,32.38
"575",2003-01-03,956,10569,14969,19780,1535938,5752,31.96
"576",2003-01-10,956,11097,15149,19263,1534369,5728,31.54
"577",2003-01-17,956,10841,14780,20105,1528219,5702,33.04
"578",2003-01-24,956,11211,14311,20281,1518477,5739,34.46
"579",2003-01-31,886,10450,14038,20819,1501634,5764,33.19
"580",2003-02-07,903,9777,14156,19151,1495579,5899,33.95
"581",2003-02-14,903,11039,14535,20353,1488845,5906,35.79
"582",2003-02-21,903,10602,14569,20064,1481159,5898,36.78
"583",2003-02-28,903,11550,14369,20078,1478222,5901,36.98
"584",2003-03-07,983,9840,14756,19887,1467509,5872,36.98
"585",2003-03-14,981,11613,14921,20301,1464857,5886,36.66
"586",2003-03-21,981,13064,14861,20164,1469534,5906,30.46
"587",2003-03-28,981,12719,15278,19831,1475000,5906,30.43
"588",2003-04-04,973,11457,15582,20767,1467502,5866,29.33
"589",2003-04-11,973,11819,15615,19698,1470544,5801,28.03
"590",2003-04-18,973,12920,15448,19459,1482159,5772,29.28
"591",2003-04-25,973,12138,15550,19396,1488899,5766,28.43
"592",2003-05-02,960,12578,15801,20701,1488670,5829,25.69
"593",2003-05-09,960,11445,15991,19854,1488983,5855,26.58
"594",2003-05-16,960,12914,15934,19895,1497064,5807,28.54
"595",2003-05-23,960,12679,15811,20598,1498177,5813,29.29
"596",2003-05-30,968,13079,16305,19977,1508142,5837,29.1
"597",2003-06-06,976,12656,16076,19849,1511930,5803,30.68
"598",2003-06-13,976,13187,15996,20589,1519137,5860,31.46
"599",2003-06-20,976,12175,15632,20027,1518318,5900,30.6
"600",2003-06-27,972,12259,15713,20727,1515834,5867,30.01
"601",2003-07-04,962,12250,15739,20226,1517820,5815,30.31
"602",2003-07-11,962,12432,15846,19181,1523751,5770,30.73
"603",2003-07-18,962,11970,15576,20040,1522258,5777,31.48
"604",2003-07-25,962,12915,15692,20292,1525604,5699,30.61
"605",2003-08-01,981,13022,15406,20003,1532960,5738,30.73
"606",2003-08-08,971,12243,15579,20737,1528493,5747,32.11
"607",2003-08-15,971,12779,15749,20573,1529393,5750,31.31
"608",2003-08-22,971,12666,15600,20590,1529482,5736,31.19
"609",2003-08-29,996,13226,15861,20291,1535808,5723,31.56
"610",2003-09-05,974,12037,15875,18892,1541629,5727,29.2
"611",2003-09-12,962,13334,15881,19265,1554221,5703,28.92
"612",2003-09-19,962,12988,15535,19083,1563690,5739,27.39
"613",2003-09-26,952,12123,15221,18949,1569404,5734,27.73
"614",2003-10-03,976,12474,15110,19971,1573832,5678,29.43
"615",2003-10-10,976,12371,15216,20164,1574795,5559,30.69
"616",2003-10-17,976,11558,15438,19192,1576109,5605,31.49
"617",2003-10-24,976,12305,15619,19681,1581262,5614,30.17
"618",2003-10-31,948,12632,15706,20555,1579507,5550,29.28
"619",2003-11-07,931,12314,15355,20203,1575764,5596,29.79
"620",2003-11-14,909,12391,15470,20124,1575204,5692,31.56
"621",2003-11-21,899,11555,15290,20068,1568503,5683,32.58
"622",2003-11-28,874,12032,15659,19768,1570090,5709,30.11
"623",2003-12-05,988,11474,15792,19714,1566844,5597,30.63
"624",2003-12-12,988,11198,15415,20530,1555723,5592,32.16
"625",2003-12-19,988,11756,15342,20345,1553645,5663,33.2
"626",2003-12-26,988,11899,15367,20109,1549218,5658,32.24
"627",2004-01-02,988,12078,15526,19320,1553764,5664,32.68
"628",2004-01-09,994,11634,15208,19303,1551243,5705,33.89
"629",2004-01-16,994,12604,15028,20011,1550523,5717,34.51
"630",2004-01-23,994,11234,14886,20810,1539433,5709,35.45
"631",2004-01-30,974,13188,14679,20754,1537233,5710,33.61
"632",2004-02-06,932,10643,15127,20326,1527394,5703,33.41
"633",2004-02-13,932,13119,15125,21071,1527377,5658,33.88
"634",2004-02-20,932,12623,14624,20941,1524556,5622,35.54
"635",2004-02-27,932,12575,14851,19503,1528515,5661,36.08
"636",2004-03-05,984,13073,14914,19662,1536272,5675,36.67
"637",2004-03-12,984,12486,14676,19501,1538711,5658,36.44
"638",2004-03-19,984,12773,14713,19574,1545870,5657,37.78
"639",2004-03-26,984,12938,14848,19570,1553030,5658,36.65
"640",2004-04-02,984,12810,15050,20580,1548976,5661,35.23
"641",2004-04-09,967,12112,14870,20639,1544678,5611,35.7
"642",2004-04-16,967,12941,15517,20051,1550540,5588,37.39
"643",2004-04-23,967,13160,15425,19553,1559486,5618,37.32
"644",2004-04-30,967,12137,15703,18932,1568612,5624,37.31
"645",2004-05-07,975,12679,16223,20706,1572945,5626,39.24
"646",2004-05-14,964,12986,16096,20606,1576777,5611,40.37
"647",2004-05-21,957,13004,15985,20440,1578088,5608,40.84
"648",2004-05-28,957,13714,16027,20240,1587696,5460,40.65
"649",2004-06-04,946,13145,16210,20618,1592320,5452,40.01
"650",2004-06-11,946,12643,16276,20322,1596925,5411,37.99
"651",2004-06-18,946,12743,16153,20598,1601573,5434,37.86
"652",2004-06-25,959,13532,16228,20700,1606689,5394,37.7
"653",2004-07-02,936,12833,16326,20222,1612723,5404,37.14
"654",2004-07-09,936,12599,16077,20316,1613625,5485,39.73
"655",2004-07-16,936,12286,15951,19678,1615333,5334,40.33
"656",2004-07-23,936,14364,16378,20682,1623670,5446,41.27
"657",2004-07-30,983,13228,16258,20689,1626885,5367,42.5
"658",2004-08-06,994,12523,15987,20767,1626116,5414,43.81
"659",2004-08-13,994,13044,16173,20477,1628120,5243,45.24
"660",2004-08-20,991,13476,16219,20863,1630371,5113,47.28
"661",2004-08-27,991,13141,16160,20699,1630758,5401,44.34
"662",2004-09-03,991,13490,16290,20926,1631622,5360,43.28
"663",2004-09-10,991,12445,16159,20350,1628294,5337,43.33
"664",2004-09-17,993,11175,14892,20209,1615794,5087,44.39
"665",2004-09-24,969,13231,14151,19888,1616930,4946,47.82
"666",2004-10-01,969,13282,15024,20299,1616419,4656,49.71
"667",2004-10-08,1045,13122,14686,20438,1614641,5033,51.77
"668",2004-10-15,1045,13146,14908,20601,1611370,5090,54.12
"669",2004-10-22,1038,13179,15081,20308,1613277,5110,54.43
"670",2004-10-29,1038,13407,15116,20216,1617279,5176,53.43
"671",2004-11-05,1004,13398,15668,20475,1620717,5319,49.81
"672",2004-11-12,1004,13300,15822,21403,1619729,5391,48
"673",2004-11-19,965,12944,15719,20404,1621594,5395,47.02
"674",2004-11-26,965,12974,15907,20118,1627926,5408,48.79
"675",2004-12-03,924,14018,15901,20526,1635038,5396,46.06
"676",2004-12-10,977,12907,15851,20928,1632555,5439,41.91
"677",2004-12-17,983,13086,15803,20782,1632276,5461,43.5
"678",2004-12-24,983,12461,15940,21449,1625471,5421,44.39
"679",2004-12-31,983,12647,16050,20847,1623433,5430,42.52
"680",2005-01-07,983,12144,15902,20466,1620089,5430,44.07
"681",2005-01-14,983,12752,15480,20210,1623850,5417,46.79
"682",2005-01-21,983,13405,15405,21225,1622742,5456,47.85
"683",2005-01-28,983,12936,15507,20957,1620615,5437,48.56
"684",2005-02-04,989,13059,15240,21064,1616267,5421,46.97
"685",2005-02-11,989,13286,15529,21007,1615601,5427,46.08
"686",2005-02-18,1085,12886,15271,20597,1615531,5436,47.82
"687",2005-02-25,1035,13370,15122,20730,1616405,5492,51.75
"688",2005-03-04,1019,13037,15145,20291,1618260,5489,52.74
"689",2005-03-11,1012,12886,15356,21263,1614761,5504,54.22
"690",2005-03-18,1012,13412,15269,20851,1616675,5480,55.93
"691",2005-03-25,996,13516,15427,20325,1623769,5496,52.95
"692",2005-04-01,996,12365,15865,20213,1627495,5504,54.97
"693",2005-04-08,941,12786,15514,20195,1634534,5428,55.24
"694",2005-04-15,941,12634,15639,20559,1634370,5441,51.44
"695",2005-04-22,966,13815,15555,20380,1641987,5415,52.39
"696",2005-04-29,1019,13331,15637,20402,1647473,5423,52
"697",2005-05-06,1012,13340,15648,20385,1654989,5510,50.64
"698",2005-05-13,1048,13891,16021,20273,1663587,5521,50.33
"699",2005-05-20,1098,13633,16126,20584,1668028,5539,47.77
"700",2005-05-27,1139,13687,16401,20433,1675839,5537,50.15
"701",2005-06-03,1157,12969,16266,20592,1676450,5515,53.76
"702",2005-06-10,1157,13709,16564,20998,1680271,5542,53.74
"703",2005-06-17,1157,13134,16239,20471,1683798,5541,56.18
"704",2005-06-24,1157,13834,16505,20169,1693416,5359,59.04
"705",2005-07-01,1138,13814,16799,21497,1695779,5498,58.21
"706",2005-07-08,1095,12993,16477,20656,1697442,5463,60.36
"707",2005-07-15,1095,13927,15897,20404,1700370,4758,59.18
"708",2005-07-22,1095,12918,16021,20972,1698618,5448,57.3
"709",2005-07-29,1130,14183,16407,20854,1703713,5149,59.39
"710",2005-08-05,1123,14485,16272,21575,1707824,5417,61.64
"711",2005-08-12,1190,13333,16021,21352,1705336,5359,64.85
"712",2005-08-19,1210,14040,16001,21499,1706247,5395,64.92
"713",2005-08-26,1155,14124,16627,21592,1708973,5427,66.34
"714",2005-09-02,1155,12435,14876,20871,1694100,4360,68.47
"715",2005-09-09,1099,12601,14953,19952,1688678,4268,64.81
"716",2005-09-16,1099,13704,15555,20381,1692778,4500,63.84
"717",2005-09-23,1099,13294,14859,19672,1694325,4348,66.43
"718",2005-09-30,942,12665,11957,19755,1682180,3813,66.06
"719",2005-10-07,934,13033,12825,20246,1672429,3901,63.06
"720",2005-10-14,844,14175,13550,20404,1676865,4147,62.87
"721",2005-10-21,844,14263,13832,20837,1675040,4108,62.28
"722",2005-10-28,844,14087,14133,20435,1674684,4068,61.33
"723",2005-11-04,847,15217,14395,20174,1685532,4306,60.34
"724",2005-11-11,848,13768,14775,20705,1684684,4583,58.8
"725",2005-11-18,848,13798,15091,20655,1685992,4579,57
"726",2005-11-25,848,13465,15303,20374,1688865,4765,58.13
"727",2005-12-02,907,13884,15527,20535,1695206,5021,57.78
"728",2005-12-09,893,14648,15356,21642,1696494,4933,59.83
"729",2005-12-16,893,13544,15085,22156,1688125,4890,60.32
"730",2005-12-23,893,13663,15228,21878,1680779,4891,57.97
"731",2005-12-30,874,13166,15398,20801,1678115,4864,59.82
"732",2006-01-06,889,13754,15387,20772,1679395,5023,63.39
"733",2006-01-13,889,14078,14820,20805,1684625,5110,63.74
"734",2006-01-20,889,13061,14771,19834,1688697,5119,66.79
"735",2006-01-27,944,12914,14904,20220,1689753,4862,66.82
"736",2006-02-03,944,13364,14696,19803,1692744,4903,66.59
"737",2006-02-10,944,14340,14744,21020,1696907,5003,63.06
"738",2006-02-17,944,13799,14841,21088,1695256,4997,59.37
"739",2006-02-24,944,13268,14596,20889,1691606,4985,59.93
"740",2006-03-03,1038,13121,14207,19880,1692937,5054,62.27
"741",2006-03-10,1038,13261,14675,20897,1689899,5154,60.89
"742",2006-03-17,1038,12632,14853,20621,1684805,5027,62.64
"743",2006-03-24,1038,13129,14908,20604,1682003,5016,61.36
"744",2006-03-31,1082,12736,14898,20532,1677982,5024,65.67
"745",2006-04-07,1093,12727,14836,20738,1675363,5053,66.56
"746",2006-04-14,1093,12501,14948,20415,1669952,5125,68.85
"747",2006-04-21,1093,13806,15282,20734,1672972,5127,71.87
"748",2006-04-28,1043,12737,15390,20111,1675665,5122,70.38
"749",2006-05-05,1110,14246,15640,21200,1681573,5128,72.14
"750",2006-05-12,1110,13869,15567,20953,1683906,5069,71.5
"751",2006-05-19,1110,13748,15544,20976,1687513,5093,69.07
"752",2006-05-26,1110,15119,15849,21272,1695632,5088,70.35
"753",2006-06-02,1141,14470,15817,20603,1702119,5097,71.53
"754",2006-06-09,1141,14323,16123,20701,1708780,5211,71.54
"755",2006-06-16,1141,14724,16224,20971,1716630,5198,69.48
"756",2006-06-23,1141,13648,16307,20877,1717186,5162,69.94
"757",2006-06-30,1234,13827,16192,20881,1717454,5129,72.65
"758",2006-07-07,1240,13268,15734,20563,1714862,5275,74.65
"759",2006-07-14,1240,14139,16161,20445,1721504,5265,75.21
"760",2006-07-21,1240,13932,16088,20909,1724029,5141,73.98
"761",2006-07-28,1240,15012,15796,21113,1729169,4940,73.87
"762",2006-08-04,1133,13596,15939,21283,1727124,5144,75.2
"763",2006-08-11,1133,13851,15912,21032,1728282,5150,75.63
"764",2006-08-18,1133,14574,16134,21454,1732544,5087,71.79
"765",2006-08-25,1133,14831,16166,21294,1736554,5099,72.12
"766",2006-09-01,1271,13698,16274,21173,1738407,5101,70.01
"767",2006-09-08,1189,14086,16184,20953,1742849,5076,67.53
"768",2006-09-15,1189,13923,16250,20760,1747111,5109,63.98
"769",2006-09-22,1189,14781,16079,20705,1756269,5106,61.4
"770",2006-09-29,1289,13216,15642,20228,1760297,5151,61.94
"771",2006-10-06,1188,13384,15513,20938,1760630,5253,59.77
"772",2006-10-13,1288,13277,15011,21441,1754844,5132,58.58
"773",2006-10-20,1288,12721,14994,21502,1743769,5221,58.48
"774",2006-10-27,1288,13282,15467,21484,1740668,5307,58.88
"775",2006-11-03,1325,12697,15326,21076,1733971,5329,58.55
"776",2006-11-10,1325,12406,15182,21317,1725042,5326,59.96
"777",2006-11-17,1325,13684,15143,20331,1728917,5269,57.56
"778",2006-11-24,1325,12755,15315,21158,1721370,5030,57.24
"779",2006-12-01,1296,13215,15731,21116,1717000,5368,62.02
"780",2006-12-08,1283,12915,15495,21349,1709531,5357,62.32
"781",2006-12-15,1283,11764,15772,20918,1701601,5348,61.91
"782",2006-12-22,1283,12106,15813,20781,1694233,5361,62.4
"783",2006-12-29,1283,13125,15832,20368,1696033,5369,60.66
"784",2007-01-05,1244,13041,15909,19562,1702671,5370,57.76
"785",2007-01-12,1244,14324,15296,20201,1711726,5317,54.11
"786",2007-01-19,1244,13232,15202,20369,1713186,5241,51.51
"787",2007-01-26,1244,13573,15146,20869,1713489,5224,53.57
"788",2007-02-02,1244,12780,15195,21637,1702993,5283,57.11
"789",2007-02-09,1249,12838,15076,21815,1691701,5316,58.99
"790",2007-02-16,1249,13082,14828,22037,1680640,5323,58.41
"791",2007-02-23,1249,12951,14960,21698,1671763,5285,59.57
"792",2007-03-02,1206,11610,14935,21273,1655871,5267,61.64
"793",2007-03-09,1206,13481,14894,21003,1653306,5218,60.85
"794",2007-03-16,1206,13787,15023,21344,1650396,5235,57.94
"795",2007-03-23,1206,13440,15139,20807,1650791,5218,58.26
"796",2007-03-30,1206,13701,15143,20747,1653439,5243,64.18
"797",2007-04-06,1221,13225,15425,20823,1653410,5179,64.82
"798",2007-04-13,1221,13451,15781,20825,1653888,5125,62.58
"799",2007-04-20,1221,13713,15324,21076,1653879,5128,63.06
"800",2007-04-27,1221,13782,15404,20796,1654328,5089,65.26
"801",2007-05-04,1221,14581,15541,20795,1660763,5131,63.82
"802",2007-05-11,1202,14591,15634,20831,1667816,5201,61.9
"803",2007-05-18,1202,14474,15915,20786,1674276,5207,63.61
"804",2007-05-25,1202,14028,15911,21235,1676311,5148,64.89
"805",2007-06-01,1247,14220,15652,20972,1680364,5180,63.94
"806",2007-06-08,1257,13805,15582,21062,1681031,5170,65.9
"807",2007-06-15,1257,14625,15298,20517,1690913,5093,66.62
"808",2007-06-22,1257,13901,15618,21087,1691475,5108,68.78
"809",2007-06-29,1241,14539,15704,20616,1699716,5122,69.13
"810",2007-07-06,1191,14019,15729,21069,1702157,5198,71.78
"811",2007-07-13,1191,13881,15880,21008,1703406,5201,72.79
"812",2007-07-20,1191,14291,15989,21006,1708146,5184,74.92
"813",2007-07-27,1191,13545,16331,20900,1707404,5206,75.15
"814",2007-08-03,1229,13643,15920,21090,1707282,5142,76.75
"815",2007-08-10,1229,13121,16021,21139,1702775,5192,71.92
"816",2007-08-17,1229,13998,15987,21305,1703286,5119,72.05
"817",2007-08-24,1229,13621,15749,21260,1701127,5161,70.19
"818",2007-08-31,1180,13304,16067,21422,1695710,5021,72.93
"819",2007-09-07,1190,12754,15795,20449,1692514,5129,75.96
"820",2007-09-14,1190,12949,15627,20559,1690125,5039,78.95
"821",2007-09-21,1190,13763,15165,20184,1695938,5027,82.26
"822",2007-09-28,1190,13518,15268,20640,1697152,5064,81.7
"823",2007-10-05,1224,13563,15326,20792,1696632,5059,80.59
"824",2007-10-12,1224,14244,15239,21024,1699669,5102,81.46
"825",2007-10-19,1224,12298,15202,20660,1692369,5122,87.8
"826",2007-10-26,1224,13108,15034,20412,1691376,5114,89.23
"827",2007-11-02,1272,13323,15046,20661,1690422,5126,93.46
"828",2007-11-09,1272,13647,15295,20627,1691711,5134,95.81
"829",2007-11-16,1272,13345,15180,21350,1684926,4942,93.56
"830",2007-11-23,1272,13421,15606,20863,1683143,5117,97.93
"831",2007-11-30,1272,13173,15606,20795,1679988,5133,92.47
"832",2007-12-07,1251,13501,15476,20977,1678536,5117,88.71
"833",2007-12-14,1251,12618,15316,21050,1670282,5110,91.18
"834",2007-12-21,1251,12907,15359,21535,1659725,5117,91.16
"835",2007-12-28,1251,13301,15584,21349,1653240,5078,95.64
"836",2008-01-04,1251,12904,15921,21288,1645573,5051,98.17
"837",2008-01-11,1238,13538,15187,20469,1650706,5013,94.76
"838",2008-01-18,1238,13754,15082,20749,1652935,5042,91.51
"839",2008-01-25,1238,13389,14814,20785,1651982,4998,89.41
"840",2008-02-01,1355,14730,14705,20490,1661448,5013,91.14
"841",2008-02-08,1344,13100,14834,20118,1662319,5044,89.08
"842",2008-02-15,1344,13672,14562,21311,1658612,5034,94.13
"843",2008-02-22,1344,13502,14765,20407,1661498,5044,99.61
"844",2008-02-29,1344,12579,14979,20383,1657174,5050,100.84
"845",2008-03-07,1282,13864,14818,20081,1664093,5100,103.44
"846",2008-03-14,1282,12582,14619,20164,1661864,5100,109.35
"847",2008-03-21,1282,12134,14326,20485,1655330,5103,105.28
"848",2008-03-28,1282,13473,14361,20402,1657077,5087,104.49
"849",2008-04-04,1349,12148,14603,20769,1649037,5097,103.46
"850",2008-04-11,1349,12029,14316,20591,1641673,5096,109.71
"851",2008-04-18,1349,13661,15058,21116,1642580,5101,114.33
"852",2008-04-25,1349,13989,15021,20241,1651619,5098,118.53
"853",2008-05-02,1435,14024,14948,20496,1657102,5099,115.42
"854",2008-05-09,1435,13393,15234,20274,1662804,5128,123.01
"855",2008-05-16,1435,12744,15464,20347,1663044,5045,124.96
"856",2008-05-23,1435,11875,15460,20807,1653940,5128,130.14
"857",2008-05-30,1529,13061,15785,20153,1655015,5139,128.47
"858",2008-06-06,1444,13103,15593,20243,1655398,5114,128.16
"859",2008-06-13,1444,13334,15715,20456,1656481,5145,134.8
"860",2008-06-20,1444,13547,15588,20079,1662057,5120,134.34
"861",2008-06-27,1444,13747,15699,20590,1665274,5123,137
"862",2008-07-04,1444,12538,15686,20320,1662264,4960,142.52
"863",2008-07-11,1451,13943,15744,20198,1669865,5139,139.95
"864",2008-07-18,1451,12897,15331,19903,1671944,5165,135.37
"865",2008-07-25,1451,13215,15336,20204,1674597,5160,125.92
"866",2008-08-01,1544,13333,15311,20215,1677642,5172,124.57
"867",2008-08-08,1501,12257,15124,20372,1672580,5139,118.8
"868",2008-08-15,1501,13917,15089,20106,1680862,5078,114.4
"869",2008-08-22,1501,13117,15366,20133,1683122,4906,115.7
"870",2008-08-29,1363,12634,15617,20555,1679508,5097,116.09
"871",2008-09-05,1331,11389,13783,19784,1664309,4084,108.37
"872",2008-09-12,1331,11370,13632,19049,1652333,3988,102.88
"873",2008-09-19,1331,10507,11747,18784,1633043,3932,97.19
"874",2008-09-26,1331,12666,12726,18465,1632148,3839,111.12
"875",2008-10-03,1511,14191,14251,18341,1649821,4422,96.59
"876",2008-10-10,1511,13671,14483,18865,1661304,4572,86.24
"877",2008-10-17,1511,13788,14925,19193,1670572,4630,75.19
"878",2008-10-24,1511,13320,15029,19113,1677228,4675,68.56
"879",2008-10-31,1595,13197,15017,19216,1682384,4776,65.21
"880",2008-11-07,1572,12086,14897,19004,1683427,4885,64.31
"881",2008-11-14,1772,12532,14953,18972,1686203,4943,58.6
"882",2008-11-21,1772,14007,15173,19482,1695896,5006,52.26
"883",2008-11-28,1772,12617,14852,19606,1695510,5118,53.27
"884",2008-12-05,1395,12773,15398,19149,1702131,5152,45.6
"885",2008-12-12,1395,12611,14814,20192,1699397,4967,44.57
"886",2008-12-19,1395,12780,14912,20191,1697806,4972,39.7
"887",2008-12-26,1395,12388,14521,20211,1693666,4979,32.98
"888",2009-01-02,1395,13698,14892,19836,1700699,4935,42.4
"889",2009-01-09,1514,12729,15018,18640,1709055,4917,44.46
"890",2009-01-16,1514,13585,14670,19097,1721019,5052,36.73
"891",2009-01-23,1514,13294,14531,20151,1725286,5045,42.15
"892",2009-01-30,1514,13122,14711,20306,1727432,5235,42.7
"893",2009-02-06,1514,12839,14370,19662,1730256,5327,40.78
"894",2009-02-13,1595,11497,14497,19690,1724167,5323,36.94
"895",2009-02-20,1595,11577,14340,19233,1721451,5300,37.15
"896",2009-02-27,1595,12523,14650,19577,1723216,5373,41.1
"897",2009-03-06,1651,12388,14575,18892,1726400,5401,43.18
"898",2009-03-13,1651,12164,14474,18787,1731252,5414,45.66
"899",2009-03-20,1651,12595,14451,19191,1735935,5432,49.49
"900",2009-03-27,1651,12717,14402,18591,1744022,5480,52.99
"901",2009-04-03,1735,12323,14465,18867,1748569,5469,50.34
"902",2009-04-10,1735,12261,14205,18239,1757997,5482,50.46
"903",2009-04-17,1735,12795,14748,18160,1770633,5421,49.86
"904",2009-04-24,1826,12444,14612,18429,1777282,5269,47.8
"905",2009-05-01,1826,12446,15077,18019,1787685,5280,50.2
"906",2009-05-08,1826,11164,14792,18168,1787294,5306,55.96
"907",2009-05-15,1850,11550,14457,18403,1787269,5352,57.94
"908",2009-05-22,1850,11945,15040,18579,1790757,5364,60.32
"909",2009-05-29,1850,12577,15243,17679,1805918,5358,64.32
"910",2009-06-05,1850,11522,15171,18725,1804190,5358,68.11
"911",2009-06-12,1863,11870,15180,18964,1803228,5273,70.85
"912",2009-06-19,1863,11668,15384,17913,1809037,5257,70.62
"913",2009-06-26,1863,11883,15373,18169,1814063,5163,68.58
"914",2009-07-03,1863,12092,15340,18494,1819395,5171,69.32
"915",2009-07-10,1894,12098,15528,18846,1821578,5171,61.48
"916",2009-07-17,1894,12077,15169,18917,1823434,5176,61.29
"917",2009-07-24,1894,12417,14946,18713,1829017,5107,65.28
"918",2009-07-31,1894,11630,14940,19287,1826259,5246,67.03
"919",2009-08-07,1894,11801,14752,18702,1827603,5172,71.58
"920",2009-08-14,1846,10329,14844,19279,1814805,5169,69.64
"921",2009-08-21,1846,11819,14861,19473,1811664,5173,70.8
"922",2009-08-28,1846,11794,15377,19713,1807201,5244,72.37
"923",2009-09-04,1846,11654,15385,19522,1802182,5266,68.39
"924",2009-09-11,1898,11251,15340,19104,1799408,5304,70.91
"925",2009-09-18,1898,12386,15099,18476,1807956,5300,71.32
"926",2009-09-25,1898,12227,14921,18909,1812565,5375,68.33
"927",2009-10-02,1898,12000,15020,18733,1816158,5360,68.84
"928",2009-10-09,1891,11265,14295,18936,1810356,5377,70.8
"929",2009-10-16,1891,11091,14329,18669,1806214,5371,75.73
"930",2009-10-23,1891,11433,14448,18523,1804606,5357,80.06
"931",2009-10-30,1891,10727,14241,19144,1796213,5391,78.47
"932",2009-11-06,1891,11170,14125,18315,1797182,5506,79
"933",2009-11-13,1952,11027,14038,18506,1793022,5317,78.24
"934",2009-11-20,1952,11720,14182,18820,1792146,5433,78.37
"935",2009-11-27,1952,11556,14077,18323,1798088,5561,76.14
"936",2009-12-04,1952,10647,14330,18348,1794359,5538,76.81
"937",2009-12-11,1945,10405,14136,19572,1781679,5524,71.51
"938",2009-12-18,1945,10129,14151,19377,1767534,5524,71.72
"939",2009-12-25,1945,10414,14192,19062,1759407,5512,74.76
"940",2010-01-01,1945,10952,14120,18755,1754936,5507,79.07
"941",2010-01-08,1945,11621,14374,18637,1758478,5496,82.34
"942",2010-01-15,1680,11155,13859,18736,1756898,5404,80.06
"943",2010-01-22,1680,10739,13871,18884,1751163,5421,76.62
"944",2010-01-29,1680,11373,13738,18742,1751934,5403,73.94
"945",2010-02-05,1680,11736,13993,19261,1753694,5475,74.57
"946",2010-02-12,1712,10900,14107,19092,1751277,5482,73.88
"947",2010-02-19,1712,11829,14358,19283,1752720,5505,78.25
"948",2010-02-26,1712,11952,14482,19618,1752368,5510,79.22
"949",2010-03-05,1712,11064,14280,19653,1747088,5527,80.19
"950",2010-03-12,1644,10591,14247,18832,1744645,5540,81.76
"951",2010-03-19,1644,11463,14346,19336,1744995,5536,81.44
"952",2010-03-26,1644,11630,14610,19021,1748201,5489,80.65
"953",2010-04-02,1644,12323,14944,18907,1755527,5473,83.01
"954",2010-04-09,1644,11057,15140,19012,1755240,5475,85.66
"955",2010-04-16,1734,12492,15110,18484,1765982,5466,84.34
"956",2010-04-23,1734,12504,15641,18428,1778874,5488,82.9
"957",2010-04-30,1734,13054,15754,19467,1788665,5522,84.22
"958",2010-05-07,1734,11845,15547,19320,1792060,5533,80.24
"959",2010-05-14,1785,12093,15464,19604,1793258,5516,74.98
"960",2010-05-21,1785,12750,15446,19714,1799092,5540,69.14
"961",2010-05-28,1785,12029,15386,20021,1796826,5320,70.62
"962",2010-06-04,1785,11550,15660,19316,1796533,5445,72.91
"963",2010-06-11,1785,11806,15458,19135,1800968,5503,73.44
"964",2010-06-18,2025,12436,15711,19498,1803647,5501,76.7
"965",2010-06-25,2025,12095,15538,18967,1807220,5257,77.06
"966",2010-07-02,2025,12440,15800,19599,1807498,5414,74.96
"967",2010-07-09,2025,11627,15918,18724,1810684,5352,74.39
"968",2010-07-16,2120,12412,16084,19281,1815813,5460,76.35
"969",2010-07-23,2120,13588,15936,19642,1824809,5486,77.56
"970",2010-07-30,2120,12502,16032,19302,1830911,5440,78.12
"971",2010-08-06,2120,12213,15492,19472,1831034,5239,81.79
"972",2010-08-13,2062,12473,15825,19415,1836371,5352,78.17
"973",2010-08-20,2062,12877,15426,19293,1845290,5511,74.84
"974",2010-08-27,2062,12424,15309,19590,1849326,5602,72.91
"975",2010-09-03,2062,11683,15516,19447,1849605,5603,74.02
"976",2010-09-10,2189,11268,15413,19216,1846687,5573,74.82
"977",2010-09-17,2189,11817,15441,19098,1849580,5556,75.62
"978",2010-09-24,2189,11594,15082,19754,1844639,5562,73.76
"979",2010-10-01,2189,11261,14627,18784,1844479,5514,78.41
"980",2010-10-08,2189,10447,14402,18714,1839968,5528,82.29
"981",2010-10-15,2186,11054,14505,18682,1837944,5536,82.16
"982",2010-10-22,2186,12171,14726,19366,1838571,5540,81.15
"983",2010-10-29,2186,10942,14393,19267,1833111,5593,82.03
"984",2010-11-05,2186,10457,14505,19609,1821024,5596,84.93
"985",2010-11-12,2121,10186,14772,18919,1811920,5597,86.91
"986",2010-11-19,2121,11508,15040,19010,1811662,5581,82.23
"987",2010-11-26,2121,10587,14526,18454,1811618,5555,82.28
"988",2010-12-03,2121,11690,15391,19936,1805989,5582,86.75
"989",2010-12-10,2252,10045,15487,20209,1790354,5604,88.5
"990",2010-12-17,2252,11695,15429,19981,1784349,5598,88.27
"991",2010-12-24,2252,11478,15447,20749,1775190,5575,89.66
"992",2010-12-31,2252,10186,15488,19059,1768864,5598,90.97
"993",2011-01-07,2252,11564,15208,18958,1769567,5575,89.54
"994",2011-01-14,2241,11725,14595,19113,1771930,5205,91.02
"995",2011-01-21,2241,11939,14400,19035,1774326,5321,89.75
"996",2011-01-28,2241,11916,14861,18787,1779865,5568,86.11
"997",2011-02-04,2241,11857,14906,19157,1782974,5597,89.52
"998",2011-02-11,2168,10796,14290,19793,1774588,5610,85.51
"999",2011-02-18,2168,10341,13960,19664,1762502,5604,84.13
"1000",2011-02-25,2168,10226,14241,18958,1755973,5591,95.26
"1001",2011-03-04,2168,10722,14429,19669,1749560,5593,101.05
"1002",2011-03-11,2327,10710,14671,19111,1744438,5591,103.74
"1003",2011-03-18,2327,11566,14794,19310,1743540,5570,99.79
"1004",2011-03-25,2327,11518,14798,18605,1746869,5568,104.41
"1005",2011-04-01,2327,11578,14845,19183,1746775,5638,105.08
"1006",2011-04-08,2327,11007,14406,19258,1741824,5635,109.29
"1007",2011-04-15,2222,10657,14595,19274,1735085,5625,107.75
"1008",2011-04-22,2222,12353,14629,19588,1737994,5610,109.11
"1009",2011-04-29,2222,11785,14653,18332,1745515,5623,112.3
"1010",2011-05-06,2222,11583,14463,18164,1751789,5609,105.84
"1011",2011-05-13,2191,10830,14731,18515,1751723,5618,99.87
"1012",2011-05-20,2191,12246,15269,18916,1758484,5583,97.99
"1013",2011-05-27,2191,12478,15212,19134,1765721,5609,99.55
"1014",2011-06-03,2191,11367,15438,19222,1767412,5633,100.92
"1015",2011-06-10,2453,11040,15241,18806,1766790,5643,100.05
"1016",2011-06-17,2453,11611,15788,19037,1769874,5650,95.87
"1017",2011-06-24,2453,11114,15598,18877,1769551,5593,92.7
"1018",2011-07-01,2453,11977,15636,19232,1770044,5520,93.7
"1019",2011-07-08,2453,11401,15607,18513,1774358,5578,97.12
"1020",2011-07-15,2309,11520,16013,18853,1778156,5591,96.72
"1021",2011-07-22,2309,12098,15660,18426,1787318,5377,98.01
"1022",2011-07-29,2309,11390,15829,19641,1785372,5523,97.83
"1023",2011-08-05,2309,11127,15954,20293,1774740,5529,90.85
"1024",2011-08-12,2416,11245,15798,19414,1773372,5561,82.86
"1025",2011-08-19,2416,11169,16022,19243,1772545,5591,85.36
"1026",2011-08-26,2416,11521,15821,19562,1772165,5598,85.06
"1027",2011-09-02,2416,10404,15777,19386,1762950,5642,88.07
"1028",2011-09-09,2416,10473,15421,18654,1757329,5083,87.91
"1029",2011-09-16,2515,10455,15653,19024,1752077,5747,88.93
"1030",2011-09-23,2515,11622,15577,19083,1753203,5756,83.65
"1031",2011-09-30,2515,10816,15559,19101,1748571,5800,81.18
"1032",2011-10-07,2515,11042,14937,18737,1747063,5878,79.43
"1033",2011-10-14,2777,9334,14732,18329,1736136,5891,85.35
"1034",2011-10-21,2777,11377,15042,18884,1736836,5876,86.82
"1035",2011-10-28,2777,11246,15123,18641,1738642,5818,92.32
"1036",2011-11-04,2777,10637,14648,20037,1723081,5846,93.24
"1037",2011-11-11,2793,10404,15036,19311,1714379,5894,96.97
"1038",2011-11-18,2894,10830,15170,18585,1710481,5887,99.32
"1039",2011-11-25,2894,11369,15002,17946,1718142,5864,96.89
"1040",2011-12-02,2894,12089,15561,18308,1727473,5861,99.91
"1041",2011-12-09,2880,11105,15097,18409,1729477,5862,100.08
"1042",2011-12-16,2880,9683,15063,19324,1711308,5862,96.06
"1043",2011-12-23,2880,11240,14929,18499,1714409,5846,97.74
"1044",2011-12-30,2880,10898,15079,18023,1717810,5851,99.81
"1045",2012-01-06,2880,11710,15188,17811,1724115,5844,102.39
"1046",2012-01-13,2921,10136,14838,17902,1722052,5726,100.43
"1047",2012-01-20,2921,11054,14584,19241,1717777,5722,99.95
"1048",2012-01-27,2921,11308,14506,17704,1725831,5720,99.35
"1049",2012-02-03,2921,10501,14686,17618,1729988,5763,97.8
"1050",2012-02-10,3096,10610,14895,18655,1726018,5819,98.56
"1051",2012-02-17,3156,11187,15157,18237,1729270,5817,101.73
"1052",2012-02-24,3156,10879,14826,18256,1729808,5814,107.18
"1053",2012-03-02,3156,10504,14868,18178,1728407,5806,107.52
"1054",2012-03-09,3156,10487,14657,18571,1723964,5830,106.32
"1055",2012-03-16,2734,10053,14572,17674,1725508,5826,106.15
"1056",2012-03-23,2734,11039,14635,18204,1731828,5821,106.41
"1057",2012-03-30,2734,11812,14835,18186,1744194,6049,105.12
"1058",2012-04-06,2734,10350,14508,19005,1740041,6040,103.52
"1059",2012-04-13,2726,10392,14651,18863,1737816,6043,102.55
"1060",2012-04-20,2726,10625,14661,18756,1737797,6113,103.15
"1061",2012-04-27,2726,10631,14883,18544,1739703,6121,103.78
"1062",2012-05-04,2726,10610,14965,18603,1742874,6136,103.47
"1063",2012-05-11,2891,11177,15279,19013,1745746,6149,96.98
"1064",2012-05-18,2891,10514,15255,18683,1746803,6239,93.11
"1065",2012-05-25,2891,10890,15424,18320,1752299,6227,90.88
"1066",2012-06-01,2891,10917,15675,18226,1757432,6245,87.06
"1067",2012-06-08,2935,11329,15849,19405,1758588,6236,84.43
"1068",2012-06-15,2935,11865,15839,18599,1769669,6353,83.27
"1069",2012-06-22,2935,11196,15951,19064,1772266,6257,81.11
"1070",2012-06-29,2935,11068,15850,19601,1768191,6094,80.23
"1071",2012-07-06,2935,10787,15972,18535,1770986,6249,85.74
"1072",2012-07-13,2935,10658,15845,18596,1772416,6245,85.78
"1073",2012-07-20,2846,12213,16017,19076,1782546,6364,90.34
"1074",2012-07-27,2846,10129,15885,19150,1775322,6320,88.88
"1075",2012-08-03,2846,10563,15949,18946,1774232,6218,89.1
"1076",2012-08-10,2866,11129,15955,20026,1769650,6181,93.14
"1077",2012-08-17,2866,10099,15711,18747,1766645,6246,94.43
"1078",2012-08-24,2866,11605,15717,19116,1771307,6258,96.22
"1079",2012-08-31,2866,10351,14829,18942,1761695,5486,95.68
"1080",2012-09-07,2866,10794,14594,17999,1763465,5526,95.68
"1081",2012-09-14,2913,12017,15312,18334,1774869,6277,97.56
"1082",2012-09-21,2913,9642,15053,18315,1772202,6509,93.7
"1083",2012-09-28,2913,10097,15202,18720,1769771,6520,91.35
"1084",2012-10-05,2913,9753,15075,18719,1765245,6598,90.81
"1085",2012-10-12,2778,10544,15186,19519,1762571,6606,91.42
"1086",2012-10-19,2778,11166,15156,19136,1766541,6610,91.59
"1087",2012-10-26,2778,9932,15247,18326,1766438,6669,86.35
"1088",2012-11-02,2778,9772,14848,18371,1766937,6677,85.87
"1089",2012-11-09,2819,10027,14946,19346,1762209,6709,85.98
"1090",2012-11-16,2819,9885,15200,19437,1755999,6710,85.87
"1091",2012-11-23,2819,9993,15400,18969,1754572,6818,87.4
"1092",2012-11-30,2819,10506,15740,18337,1760504,6817,87.27
"1093",2012-12-07,2819,10772,15717,18825,1765717,6852,87
"1094",2012-12-14,2944,10819,15918,19955,1763772,6863,85.71
"1095",2012-12-21,2944,10273,15705,18857,1766774,6984,88.24
"1096",2012-12-28,2944,9037,15727,18894,1756751,6985,90.14
"1097",2013-01-04,2944,10436,15496,17755,1767275,7002,92.77
"1098",2013-01-11,2944,9808,15292,17954,1771026,7041,93.38
"1099",2013-01-18,3091,9891,14539,18645,1768389,6989,94.58
"1100",2013-01-25,3091,10203,14784,18681,1770555,6993,95.41
"1101",2013-02-01,3091,9330,14652,18052,1770698,6997,97.33
"1102",2013-02-08,3091,9579,14592,19048,1763497,7064,96.18
"1103",2013-02-15,3091,9616,14422,18412,1762248,7118,96.95
"1104",2013-02-22,3283,9738,14803,18680,1756353,7096,94.38
"1105",2013-03-01,3283,9335,14300,18296,1753830,7093,92.19
"1106",2013-03-08,3283,9735,14334,18597,1748248,7159,91
"1107",2013-03-15,2894,8878,14787,17765,1746792,7150,92.7
"1108",2013-03-22,2894,9723,15173,18873,1744881,7151,93.05
"1109",2013-03-29,2894,9783,15273,18966,1744770,7151,96.08
"1110",2013-04-05,2894,9832,15472,18121,1750256,7181,95.07
"1111",2013-04-12,2894,9699,15373,18461,1752884,7208,93.36
"1112",2013-04-19,2893,9621,14872,18610,1750944,7326,88
"1113",2013-04-26,2893,10529,15038,17937,1763299,7312,91
"1114",2013-05-03,2893,10213,15500,19100,1766910,7369,93.4
"1115",2013-05-10,2893,9559,15670,18516,1769562,7321,95.84
"1116",2013-05-17,2730,10403,15545,18846,1773790,7258,94.65
"1117",2013-05-24,2730,10090,15395,18286,1783539,7292,94.76
"1118",2013-05-31,2730,9311,15738,18779,1782363,7300,93.32
"1119",2013-06-07,2730,9977,15591,17923,1795275,7224,94.25
"1120",2013-06-14,2730,10208,15902,18419,1802037,7129,96.36
"1121",2013-06-21,2857,10952,16065,18967,1811353,7261,96.65
"1122",2013-06-28,2857,9150,16413,20392,1796688,7267,95.83
"1123",2013-07-05,2857,9060,16454,19239,1789589,7401,100.65
"1124",2013-07-12,2857,9903,16539,19467,1789379,7490,104.7
"1125",2013-07-19,2955,10011,16448,19787,1787097,7555,106.88
"1126",2013-07-26,2955,10208,16257,19664,1788713,7542,105.88
"1127",2013-08-02,2955,10149,16200,19688,1789355,7560,105.54
"1128",2013-08-09,2955,9691,15927,19088,1787500,7571,105.17
"1129",2013-08-16,3245,9688,16209,19337,1784680,7518,106.97
"1130",2013-08-23,3245,10405,16243,19449,1786847,7609,105.48
"1131",2013-08-30,3245,10206,16330,18911,1788612,7621,108.33
"1132",2013-09-06,3245,9523,16476,18360,1792300,7745,108.77
"1133",2013-09-13,3245,9465,16479,19820,1786223,7827,108.36
"1134",2013-09-20,3428,10076,16092,19261,1787704,7777,106.22
"1135",2013-09-27,3428,10150,15856,18681,1792736,7784,103.1
"1136",2013-10-04,3428,10037,15311,19044,1794390,7809,103.14
"1137",2013-10-11,3428,10122,15352,18990,1794279,7428,102.7
"1138",2013-10-18,3428,9389,15308,18269,1797978,7896,101.51
"1139",2013-10-25,3379,9595,15550,20136,1792187,7853,97.57
"1140",2013-11-01,3379,9301,15465,20223,1783402,7858,96.94
"1141",2013-11-08,3379,9803,15801,20297,1777477,7981,94.31
"1142",2013-11-15,3379,9442,15782,20438,1765743,7974,93.94
"1143",2013-11-22,3443,9496,15917,19635,1764104,8019,93.92
"1144",2013-11-29,3443,9786,16453,19973,1757017,8011,92.97
"1145",2013-12-06,3443,8413,16501,18554,1751875,8075,96.21
"1146",2013-12-13,3443,9739,16310,20996,1739278,8058,97.23
"1147",2013-12-20,3641,9145,16510,20484,1726572,8111,97.85
"1148",2013-12-27,3641,8818,16461,19004,1719954,8121,99.15
"1149",2014-01-03,3641,9383,16449,18222,1721744,8145,96.47
"1150",2014-01-10,3641,8267,16035,18858,1711484,8159,92.42
"1151",2014-01-17,3641,9203,15408,18959,1707525,8052,92.98
"1152",2014-01-24,3722,9914,15712,20047,1703756,8044,96.19
"1153",2014-01-31,3722,8849,15343,19110,1698443,8044,97.29
"1154",2014-02-07,3722,9700,15511,18541,1700277,8132,97.78
"1155",2014-02-14,3722,9077,15460,18709,1697777,8148,100.21
"1156",2014-02-21,3813,8638,15678,18283,1697279,8059,102.93
"1157",2014-02-28,3813,9014,15565,18291,1699461,8077,102.77
"1158",2014-03-07,3813,9155,15314,19027,1697592,8182,103.07
"1159",2014-03-14,3813,9124,15251,18783,1697080,8215,99.55
"1160",2014-03-21,3813,9504,15324,18257,1702538,8190,99.77
"1161",2014-03-28,3609,8501,15623,18199,1701267,8192,100.66
"1162",2014-04-04,3609,9119,15694,18289,1706406,8229,100.46
"1163",2014-04-11,3609,10289,15929,18412,1720244,8301,102.72
"1164",2014-04-18,3609,9667,16323,18051,1731728,8360,103.95
"1165",2014-04-25,3075,9328,16312,18849,1738685,8352,102.11
"1166",2014-05-02,3075,8857,16172,18552,1745356,8350,100.51
"1167",2014-05-09,3075,9292,15908,19447,1747460,8428,100.29
"1168",2014-05-16,3075,8709,15906,18855,1748988,8434,101.92
"1169",2014-05-23,3153,9826,16113,19563,1752183,8472,103.82
"1170",2014-05-30,3153,9458,16270,18586,1760978,8383,103.95
"1171",2014-06-06,3153,8828,15766,18025,1767029,8460,103.23
"1172",2014-06-13,3153,9272,15611,18557,1773073,8477,105.97
"1173",2014-06-20,3392,8953,15872,18807,1778246,8446,107.23
"1174",2014-06-27,3392,8800,16385,19433,1777806,8442,106.69
"1175",2014-07-04,3392,9088,16428,19248,1782338,8514,105.52
"1176",2014-07-11,3392,9102,16822,19277,1783564,8592,103.25
"1177",2014-07-18,3392,9195,16812,19311,1788801,8565,102.37
"1178",2014-07-25,3807,9419,16765,19607,1788308,8443,104.35
"1179",2014-08-01,3807,8862,16562,20335,1780200,8453,102.19
"1180",2014-08-08,3807,9763,16430,19825,1781719,8556,97.5
"1181",2014-08-15,3807,9737,16750,19885,1781037,8577,97.17
"1182",2014-08-22,3721,8881,16768,19183,1782459,8631,94.95
"1183",2014-08-29,3721,9651,16734,19955,1783936,8630,96.25
"1184",2014-09-05,3721,9259,16710,18596,1793690,8590,94.06
"1185",2014-09-12,3721,9614,16561,19749,1798592,8838,92.43
"1186",2014-09-19,3721,8504,16633,19177,1799516,8867,93.52
"1187",2014-09-26,3974,8550,16005,19400,1793697,8837,93.15
"1188",2014-10-03,3974,9197,15904,19019,1797403,8875,91.44
"1189",2014-10-10,3974,9113,15687,19595,1798447,8951,87.63
"1190",2014-10-17,3974,8747,15447,18645,1802839,8934,82.88
"1191",2014-10-24,4018,8768,15427,20061,1794368,8970,82.12
"1192",2014-10-31,4018,8607,15746,19607,1791939,8972,81.29
"1193",2014-11-07,4018,8649,16050,19844,1785657,9063,78.24
"1194",2014-11-14,4018,9203,16246,19702,1785693,9004,76.5
"1195",2014-11-21,3778,8976,16291,20480,1781017,9077,75.38
"1196",2014-11-28,3778,9060,16638,19831,1779879,9083,72.36
"1197",2014-12-05,3778,9218,16993,19454,1787168,9118,67.18
"1198",2014-12-12,3778,9445,16653,20465,1788353,9137,61.14
"1199",2014-12-19,3759,10718,16660,21037,1794787,9127,55.89
"1200",2014-12-26,3759,9144,16822,19939,1797611,9121,55.58
"1201",2015-01-02,3759,9520,16729,19353,1802762,9132,53.44
"1202",2015-01-09,3759,9396,16225,19257,1812743,9192,48.77
"1203",2015-01-16,3759,9367,15250,20246,1814846,9186,47.07
"1204",2015-01-23,4092,9841,15690,20515,1816813,9213,46.46
"1205",2015-01-30,4092,9463,16025,18619,1829056,9177,45.32
"1206",2015-02-06,4092,9198,16013,19651,1830719,9226,50.58
"1207",2015-02-13,4092,9047,15781,20399,1829856,9280,51.14
"1208",2015-02-20,4427,9563,15553,19813,1832076,9285,51.69
"1209",2015-02-27,4427,9395,15402,19658,1834373,9324,49.16
"1210",2015-03-06,4427,8344,15612,18617,1837481,9366,50.38
"1211",2015-03-13,4427,9730,15681,19530,1844467,9419,47.69
"1212",2015-03-20,4260,9216,15837,18712,1854943,9422,44.39
"1213",2015-03-27,4260,9178,15896,19481,1858147,9386,48.68
"1214",2015-04-03,4260,10306,16121,19099,1873015,9404,48.91
"1215",2015-04-10,4260,9238,16513,18995,1880257,9384,51.78
"1216",2015-04-17,4260,9941,16308,19145,1889403,9366,54.78
"1217",2015-04-24,3983,9976,16340,19600,1896936,9373,56.14
"1218",2015-05-01,3983,8076,16629,18224,1903149,9369,57.98
"1219",2015-05-08,3983,9271,16302,20654,1897593,9374,59.73
"1220",2015-05-15,3983,9427,16522,20292,1895417,9262,60.01
"1221",2015-05-22,3794,8869,16726,19971,1898236,9566,58.95
"1222",2015-05-29,3794,9105,16662,18867,1906163,9586,58.19
"1223",2015-06-05,3794,8527,16912,19802,1906215,9610,59.66
"1224",2015-06-12,3794,9372,16648,19971,1909554,9589,60.07
"1225",2015-06-19,4312,8865,16794,20668,1903322,9604,59.89
"1226",2015-06-26,4312,10067,16976,19723,1914055,9595,60.01
"1227",2015-07-03,4312,9622,16929,19259,1925162,9604,57.92
"1228",2015-07-10,4312,9453,17110,19840,1928519,9562,52.38
"1229",2015-07-17,4312,10200,17160,21007,1932014,9558,51.68
"1230",2015-07-24,4312,9711,17084,20246,1932139,9413,49.21
"1231",2015-07-31,4460,9107,17261,20185,1932126,9465,47.91
"1232",2015-08-07,4460,9917,17261,20077,1938143,9395,44.94
"1233",2015-08-14,4460,10652,17083,21375,1939095,9348,43.2
"1234",2015-08-21,4172,9247,16980,19422,1942040,9337,41.34
"1235",2015-08-28,4172,9973,16673,20265,1947659,9218,40.73
"1236",2015-09-04,4172,9371,16368,19758,1950933,9135,46.73
"1237",2015-09-11,4172,8847,16780,18554,1959378,9117,45.16
"1238",2015-09-18,4172,9123,16382,20154,1956348,9136,45.48
"1239",2015-09-25,4561,9645,16182,19615,1959836,9096,45.57
"1240",2015-10-02,4561,8802,15770,18842,1962368,9172,45
"1241",2015-10-09,4561,9410,15537,19463,1965728,9096,48.36
"1242",2015-10-16,4561,9165,15597,19485,1967191,9096,46.82
"1243",2015-10-23,4197,8851,15826,20264,1963787,9112,45.16
"1244",2015-10-30,4197,8155,16014,19415,1961884,9160,44.99
"1245",2015-11-06,4197,9093,16169,19803,1964247,9185,45.98
"1246",2015-11-13,4197,8437,16311,19465,1964487,9182,42.7
"1247",2015-11-20,4598,9025,16609,19386,1966831,9165,40.62
"1248",2015-11-27,4598,9416,17070,19822,1968966,9202,40.49
"1249",2015-12-04,4598,10095,16865,20252,1965399,9164,40.4
"1250",2015-12-11,4598,10429,16663,20269,1970217,9176,36.93
"1251",2015-12-18,4343,8910,16540,19767,1965058,9179,35.78
"1252",2015-12-25,4343,9462,16785,20501,1964893,9202,36.26
"1253",2016-01-01,4343,9103,16760,18285,1973171,9219,36.99
"1254",2016-01-08,4343,9861,16530,18542,1983197,9227,34.65
"1255",2016-01-15,4343,10042,16425,19984,1989726,9235,30.59
"1256",2016-01-22,4364,10008,15833,21108,1988629,9221,29.19
"1257",2016-01-29,4364,10330,15701,19146,1998211,9214,31.81
"1258",2016-02-05,4364,9043,15643,19013,1998634,9186,31.26
"1259",2016-02-12,4364,10231,16042,19726,2002194,9135,28.14
"1260",2016-02-19,4364,9800,15857,20682,1997133,9102,30.02
"1261",2016-02-26,4772,10209,16037,19165,2007255,9077,31.32
"1262",2016-03-04,4772,9989,16192,19855,2006862,9078,34.43
"1263",2016-03-11,4772,9647,16169,19287,2008491,9068,37.69
"1264",2016-03-18,4772,10254,16069,19417,2015323,9038,38.32
"1265",2016-03-25,4772,9470,16422,19479,2016686,9022,39.45
"1266",2016-04-01,4023,9468,16615,19926,2017130,9008,36.82
"1267",2016-04-08,4023,10009,16207,20019,2023823,8977,36.72
"1268",2016-04-15,4023,10026,16258,20226,2023415,8953,41.23
"1269",2016-04-22,3998,10044,16140,19808,2028801,8938,41.86
"1270",2016-04-29,3998,9858,16423,20229,2030958,8825,44.3
"1271",2016-05-06,3998,9697,16320,19981,2029132,8802,44.22
"1272",2016-05-13,3998,9787,16570,20792,2028360,8791,45.44
"1273",2016-05-20,3998,9944,16435,20434,2027485,8767,47.99
"1274",2016-05-27,4218,9898,16440,20339,2024853,8735,48.72
"1275",2016-06-03,4218,10031,16651,19740,2029183,8745,49
"1276",2016-06-10,4218,10048,16508,20807,2028740,8716,50.18
"1277",2016-06-17,4218,10721,16718,19971,2034200,8677,47.89
"1278",2016-06-24,4492,10466,17032,21176,2033037,8622,48.71
"1279",2016-07-01,4492,10568,16927,20061,2036373,8428,48.17
"1280",2016-07-08,4492,10114,16905,19432,2043569,8485,46.17
"1281",2016-07-15,4492,10580,17071,20641,2046272,8494,45.6
"1282",2016-07-22,4578,10796,16924,20764,2049189,8515,44.44
"1283",2016-07-29,4578,10918,17097,20938,2051400,8460,41.83
"1284",2016-08-05,4578,10607,16883,20672,2054101,8445,40.82
"1285",2016-08-12,4578,10364,17127,20579,2055744,8597,43.11
"1286",2016-08-19,4578,11169,16937,20729,2062442,8548,47.16
"1287",2016-08-26,4976,11036,17007,20153,2066939,8488,47.05
"1288",2016-09-02,4066,9103,17280,21328,2053076,8458,45.11
"1289",2016-09-09,4203,10262,17126,20228,2059040,8493,45.96
"1290",2016-09-16,5736,10343,16964,19436,2052972,8512,44.34
"1291",2016-09-23,5464,9978,16607,19278,2052596,8497,44.59
"1292",2016-09-30,5290,9968,16283,20556,2010784,8467,46.55
"1293",2016-10-07,4611,9866,15754,20743,2036318,8450,49.48
"1294",2016-10-14,3946,9127,15671,19751,2032496,8464,50.29
"1295",2016-10-21,4600,9068,15787,20524,2023346,8504,50.56
"1296",2016-10-28,4598,10957,15700,19924,2032109,8522,49.36
"1297",2016-11-04,4890,9232,16048,20183,2025194,8692,45.51
"1298",2016-11-11,5239,10907,16449,19377,2032087,8681,44.61
"1299",2016-11-18,4812,9951,16734,20063,2031786,8690,45.15
"1300",2016-11-25,5082,10061,16559,19816,2031843,8699,47.25
"1301",2016-12-02,5266,10515,16669,19109,2033202,8697,48.63
"1302",2016-12-09,5744,9344,16702,18899,2031086,8796,50.97
"1303",2016-12-16,5431,10225,16892,21401,2019205,8786,51.91
"1304",2016-12-23,6494,9876,16796,20186,2006115,8766,51.95
"1305",2016-12-30,5672,9428,16973,17904,2012342,8770,53.6
"1306",2017-01-06,5946,11121,17296,18578,2025973,8946,53.34
"1307",2017-01-13,5314,10655,16748,20670,2024189,8944,52.07
"1308",2017-01-20,5540,10290,16312,18625,2033150,8961,51.82
"1309",2017-01-27,5289,10302,16302,19264,2038712,8915,52.74
"1310",2017-02-03,5948,11916,16207,20774,2040418,8978,53.33
"1311",2017-02-10,5533,10479,15770,18604,2051885,8977,52.88
"1312",2017-02-17,5898,9485,15570,20322,2041138,9001,53.22
"1313",2017-02-24,5335,9911,15886,19445,2041770,9032,54.03
"1314",2017-03-03,6224,10446,15859,19880,2039279,9088,53.56
"1315",2017-03-10,5685,9558,15756,19475,2030556,9109,50.5
"1316",2017-03-17,5334,10284,16183,19255,2031260,9129,48.03
"1317",2017-03-24,6210,10604,16520,19883,2026546,9147,47.28
"1318",2017-03-31,5310,10022,16803,19696,2027112,9199,49.14
"1319",2017-04-07,5033,9333,16945,19868,2021860,9235,51.26
"1320",2017-04-14,5867,9793,17296,19460,2019859,9252,53.19
"1321",2017-04-21,5979,11280,17515,19133,2025813,9265,51.09
"1322",2017-04-28,5275,10297,17368,19934,2025370,9293,49.12
"1323",2017-05-05,5275,10179,17034,20571,2021073,9314,47.21
"1324",2017-05-12,6005,10636,17384,19485,2024603,9305,47.04
"1325",2017-05-19,5267,10494,17402,20787,2020760,9320,49.24
"1326",2017-05-26,6233,10222,17679,20748,2014636,9342,50.21
"1327",2017-06-02,5117,10633,17517,19306,2028690,9318,48.48
"1328",2017-06-09,5170,9816,17572,19515,2035093,9330,46.57
"1329",2017-06-16,4897,10142,17494,21069,2032387,9350,45.3
"1330",2017-06-23,5599,9832,17216,19645,2031819,9250,43.09
"1331",2017-06-30,5116,10033,17422,22240,2017931,9338,44.63
"1332",2017-07-07,5620,9421,17603,19946,2010974,9397,44.96
"1333",2017-07-14,5537,9972,17500,21191,2000699,9429,45.51
"1334",2017-07-21,5540,10128,17556,21246,1991551,9410,46.41
"1335",2017-07-28,5079,10079,17766,20620,1992441,9430,48.27
"1336",2017-08-04,4890,10368,17861,21946,1987715,9423,49.52
"1337",2017-08-11,5633,10266,17840,20937,1980549,9502,49.08
"1338",2017-08-18,5339,10662,17708,20683,1980549,9528,47.52
"1339",2017-08-25,5411,10496,17924,21435,1979414,9530,47.68
"1340",2017-09-01,2180,8913,14782,20039,1985589,8781,46.68
"1341",2017-09-08,3735,8433,14435,19707,1985793,9353,48.58
"1342",2017-09-15,5417,9422,15446,20416,1977820,9510,49.07
"1343",2017-09-22,6085,10342,16443,21092,1972014,9547,50.12
"1344",2017-09-29,7023,9774,16358,19740,1964757,9561,51.77
"1345",2017-10-06,5945,9801,16562,19677,1962157,9480,50.23
"1346",2017-10-13,6846,9716,15697,19123,1952868,8406,50.77
"1347",2017-10-20,7663,9819,16306,19977,1940557,9507,51.74
"1348",2017-10-27,7678,9629,16350,19161,1934126,9553,52.51
"1349",2017-11-03,5854,9550,16645,21309,1924342,9620,54.59
"1350",2017-11-10,6142,9981,16893,19762,1926344,9645,57.05
"1351",2017-11-17,7012,9795,16962,19286,1924595,9658,55.81
"1352",2017-11-24,7328,9100,17191,19657,1914692,9682,57.47
"1353",2017-12-01,6399,9170,17428,19951,1909701,9707,57.81
"1354",2017-12-08,5632,9623,17279,20458,1907485,9780,56.92
"1355",2017-12-15,7553,10315,17404,21126,1893603,9789,57.17
"1356",2017-12-22,6797,10157,17715,20791,1884793,9754,57.87
"1357",2017-12-29,5945,9843,17883,19923,1886485,9782,59.88
"1358",2018-01-05,6145,9592,17629,20628,1881036,9492,61.36
"1359",2018-01-12,6356,9535,17209,20809,1867706,9750,63.26
"1360",2018-01-19,6213,10290,16820,20661,1864830,9878,63.77
"1361",2018-01-26,6649,11245,16305,21046,1866828,9919,65.14
"1362",2018-02-02,5722,10163,17128,20849,1871641,10251,65.32
"1363",2018-02-09,6274,9834,16632,20316,1869161,10271,62.01
"1364",2018-02-16,6752,8937,16312,20462,1860495,10270,60.56
"1365",2018-02-23,5669,9105,16251,19885,1864540,10283,62.47
"1366",2018-03-02,6403,10587,16283,20456,1864792,10369,62.07
"1367",2018-03-09,6649,9582,16687,20946,1860159,10381,61.65
"1368",2018-03-16,6566,8934,17008,20629,1853535,10407,61.28
"1369",2018-03-23,6491,10314,17129,20903,1852047,10433,64.11
"1370",2018-03-30,6919,10604,17259,21203,1848203,10460,64.97
"1371",2018-04-06,6229,10554,17355,19806,1854212,10525,63.07
"1372",2018-04-13,6725,9770,17151,21409,1843815,10540,66.02
"1373",2018-04-20,8332,10520,16867,19023,1844307,10586,67.55
"1374",2018-04-27,7158,10779,16912,20163,1849221,10619,67.91
"1375",2018-05-04,6692,9855,16792,20571,1846800,10703,68.38
"1376",2018-05-11,7205,9773,16917,20523,1844652,10723,70.56
"1377",2018-05-18,6881,11018,17049,20635,1850807,10725,71.3
"1378",2018-05-25,6822,10291,17436,20916,1851806,10769,70.98
"1379",2018-06-01,7031,10207,17707,18454,1866968,10800,66.96
"1380",2018-06-08,6712,10712,17798,21789,1865266,10900,65.35
"1381",2018-06-15,7597,10139,17983,20203,1865481,10900,66.21
"1382",2018-06-22,8544,10400,18124,20273,1861080,10900,66.32
"1383",2018-06-29,7476,11382,18051,21241,1864596,10900,74.03
"1384",2018-07-06,7654,9324,17981,19911,1857398,10900,73.73
"1385",2018-07-13,6203,11121,17536,21328,1863218,11000,71.96
"1386",2018-07-20,8051,10255,17451,21727,1853305,11000,68.95
"1387",2018-07-27,6338,10045,17880,20576,1863839,10900,70.01
"1388",2018-08-03,7052,10225,17973,20940,1867028,10800,69.46
"1389",2018-08-10,6869,11121,18243,20203,1884362,10900,67.9
"1390",2018-08-17,6528,10121,18236,21563,1881676,11000,66.15
"1391",2018-08-24,6626,10158,17919,22144,1879910,11000,68.1
"1392",2018-08-31,5569,10024,17963,21616,1883790,11000,69.66
"1393",2018-09-07,6688,10519,18150,20567,1893924,10900,68.51
"1394",2018-09-14,7590,10353,17748,20989,1894528,11000,68.96
"1395",2018-09-21,7837,10082,16816,20001,1898965,11100,70.28
"1396",2018-09-28,7398,10463,16808,20221,1906595,11100,72.84
"1397",2018-10-05,7475,9805,16518,19810,1916662,11200,75.13
"1398",2018-10-12,7554,9723,16513,20012,1918213,10900,72.96
"1399",2018-10-19,7528,9383,16591,21546,1908675,10900,70.24
"1400",2018-10-26,7839,9043,16625,21059,1900307,11200,67.43
"1401",2018-11-02,7337,9443,16740,20459,1904400,11600,65.06
"1402",2018-11-09,6455,9093,16765,22421,1901387,11700,61.57
"1403",2018-11-16,7171,9386,17245,21208,1900798,11700,56.92
"1404",2018-11-23,8714,10096,17789,20563,1900684,11700,54.99
"1405",2018-11-30,9049,8838,17770,20578,1890999,11700,51.01
"1406",2018-12-07,7814,9136,17698,21479,1885032,11600,52.63
"1407",2018-12-14,7777,9235,17750,22361,1874063,11600,51.54
"1408",2018-12-21,8856,9498,17694,20763,1871863,11700,46.98
"1409",2018-12-28,7616,9008,18077,19093,1886223,11700,45.22
"1410",2019-01-04,6937,9931,17883,19769,1899466,11700,47
"1411",2019-01-11,7685,9922,17599,20912,1904101,11900,50.78
"1412",2019-01-18,6954,10312,17285,21494,1910558,11900,51.92
"1413",2019-01-25,6998,8707,16759,20835,1905639,11900,52.88
"1414",2019-02-01,8022,9908,16864,21826,1902367,11900,53.63
"1415",2019-02-08,7541,8172,15989,19169,1908515,11900,53.53
"1416",2019-02-15,8330,9436,15987,20767,1905706,12000,53.88
"1417",2019-02-22,8164,8002,16196,21494,1887669,12100,56.74
"1418",2019-03-01,8272,8911,16285,20487,1887233,12100,56.12
"1419",2019-03-08,7785,8898,16290,20773,1877265,12000,56.35
"1420",2019-03-15,7589,9048,16536,21470,1864772,12100,57.81
"1421",2019-03-22,8084,8761,16114,20111,1864965,12100,59.44
"1422",2019-03-29,7594,8870,16078,20029,1871965,12200,59.49
"1423",2019-04-05,7545,8635,16407,20307,1876163,12200,62.36
"1424",2019-04-12,7716,8706,16446,19887,1878722,12100,64.1
"1425",2019-04-19,8230,10000,16910,20420,1887742,12200,63.8
"1426",2019-04-26,7767,9668,16741,20107,1900246,12300,65.28
"1427",2019-05-03,7548,9227,16687,20420,1897584,12200,62.9
"1428",2019-05-10,8562,9769,16978,19454,1910620,12100,61.81
"1429",2019-05-17,8067,9700,16875,19649,1926356,12200,62.1
"1430",2019-05-24,8563,9424,17108,21419,1925061,12300,60.72
"1431",2019-05-31,8344,10533,17227,19398,1947861,12400,56.93
"1432",2019-06-07,7852,10172,17535,21121,1957132,12300,52.97
"1433",2019-06-14,8831,9571,17669,20816,1956659,12200,52.52
"1434",2019-06-21,9377,8701,17712,20880,1944746,12100,54.75
"1435",2019-06-28,7925,9272,17718,20756,1947311,12200,58.38
"1436",2019-07-05,8337,9988,17808,21261,1943744,12300,57.32
"1437",2019-07-12,7058,9225,17741,20260,1955723,12000,59.02
"1438",2019-07-19,7994,9633,17508,21549,1949275,11300,56.74
"1439",2019-07-26,8401,9333,17484,21287,1939201,12200,56.05
"1440",2019-08-02,6919,9764,18117,21484,1949593,12300,56.55
"1441",2019-08-09,7736,10358,17826,22055,1952156,12300,53.28
"1442",2019-08-16,8088,9441,18038,21004,1956040,12300,55.31
"1443",2019-08-23,8332,8574,17906,22225,1944745,12500,55.5
"1444",2019-08-30,8384,9165,17824,21627,1939751,12400,55.21
"1445",2019-09-06,7921,8541,17888,21426,1936711,12400,55.73
"1446",2019-09-13,8725,8909,17145,20278,1937486,12400,56.16
"1447",2019-09-20,8095,8788,16888,21199,1938057,12500,59.33
"1448",2019-09-27,7788,8274,16252,20762,1937129,12400,56.9
"1449",2019-10-04,8620,8590,16107,21412,1928598,12600,53.12
"1450",2019-10-11,8233,8202,15617,20938,1925506,12600,53.27
"1451",2019-10-18,8619,7998,16012,21171,1915434,12600,53.49
"1452",2019-10-25,8428,9201,16487,21644,1912184,12600,55.2
"1453",2019-11-01,7024,8463,16169,21077,1915746,12600,55.17
"1454",2019-11-08,7727,8166,16506,21515,1908337,12800,56.69
"1455",2019-11-15,8411,8101,16829,21275,1901096,12800,56.85
"1456",2019-11-22,8685,8798,16797,21128,1899719,12900,56.9
"1457",2019-11-29,8413,8351,17284,21108,1893656,12900,58.07
"1458",2019-12-06,8937,9085,17040,18368,1910619,12800,57.64
"1459",2019-12-13,8602,9373,17033,21810,1909607,12800,59.25
"1460",2019-12-20,9126,8718,17547,21351,1899160,12900,60.75
"1461",2019-12-27,10134,8404,17768,19955,1896039,12900,61.29
"1462",2020-01-03,8233,8843,17484,19366,1910701,12900,62.09
"1463",2020-01-10,8296,8370,17333,19047,1925131,13000,60.84
"1464",2020-01-17,8786,8801,17021,21474,1923437,13000,58.29
"1465",2020-01-24,9360,8508,16409,19598,1924716,13000,56.15
"1466",2020-01-31,9153,9203,16445,20810,1924005,12900,52.7
"1467",2020-02-07,8328,8723,16545,20965,1923009,13000,50.36
"1468",2020-02-14,9290,8083,16812,19602,1921936,13000,50.83
"1469",2020-02-21,9197,7903,16524,19870,1919976,13000,53.14
"1470",2020-02-28,9731,8209,16348,21265,1908160,13100,48.36
"1471",2020-03-06,9050,8711,16248,21875,1900480,13000,45.57
"1472",2020-03-13,9847,8967,16243,21456,1892950,13100,32.39
"1473",2020-03-20,9479,8132,16417,19420,1895253,13000,24.19
"1474",2020-03-27,8451,8255,15481,17852,1916252,13000,19.44
"1475",2020-04-03,8362,7943,14216,14437,1949299,12400,21.69
"1476",2020-04-10,9783,7502,13113,13797,1976540,12300,24.41
"1477",2020-04-17,8028,6446,12825,14103,2002071,12200,20.12
"1478",2020-04-24,8676,7110,13207,15763,2013630,12100,3.32
"1479",2020-05-01,7874,7476,13382,15354,2033262,11900,15.71
"1480",2020-05-08,7459,7181,12883,16814,2034651,11600,23.46
"1481",2020-05-15,6919,7307,13177,16586,2041568,11500,26.4
"1482",2020-05-22,7523,8755,13527,15958,2058544,11400,33.1
